Workbook
Name db_fifarank: Settings!$B$19:$C$66
Name gmt_delta: Settings!$G$16
Name group_round_completed: '2026 World Cup'!$AS$92
Name lang: Settings!$G$15
Name lang_list: T!$1:$1
Name my_team: Settings!$I$15
Name T: T!$1:$1048576
Name teams: Settings!$I$17:$I$64

Sheet T
A1: English | B1: Albanian | C1: Arabic | D1: Armenian | E1: Azerbaijan | F1: Bulgarian | G1: Català | H1: Chinese (Simplified) | I1: Chinese (Traditional) | J1: Croatian | K1: Czech | L1: Danish | M1: Dutch | N1: Faroese | O1: French | P1: Georgian | Q1: German | R1: Greek | S1: Hebrew | T1: Hungarian | U1: Indonesia | V1: Icelandic | W1: Italian | X1: Korean | Y1: Lithuanian | Z1: Macedonian | AA1: Maltese | AB1: Norwegian | AC1: Persian | AD1: Polish | AE1: Portuguese | AF1: Romanian | AG1: Serbian | AH1: Slovak | AI1: Slovenian | AJ1: Spanish | AK1: Swedish | AL1: Thai | AM1: Turkish | AN1: Vietnamese | AO1: Ukrainian | AP1: Urdu
A2: 2026 World Cup Final Tournament Schedule | B2: Kupa Botërore 2026 | C2: جدول مباريات كأس العالم 2026 | D2: Աշխարհի 2026թ. առաջնություն | E2: 2026 - cu il Dünya Çempionatinin Final Mərhələsinin Cədvəli | F2: График на срещите - Световно първенство 2026 | G2: Calendari de la Fase Final de la Copa del Món de futbol 2026 | H2: 巴西2026年世界杯 | I2: 2026 世界盃賽程 | J2: Svjetsko prvenstvo 2026 raspored utakmica | K2: Mistrovství světa ve fotbale 2026 | L2: 2026 Verdensmesterskabs Oversigt | M2: Wereldkampioenschap 2026 Toernooischema | N2: 2026 Heimsmeistarakappingaryvirlit | O2: Coupe du Monde de la FIFA 2026 - Calendrier des matchs | P2: მსოფლიო ჩემპიონატი ფეხბურთში - სამხრეთ აფრიკა 2026 | Q2: Spielplan Weltmeisterschafts endrunde 2026 | R2: Πρόγραμμα Τελικών Παγκοσμίου Κυπέλλου 2026 | S2: 2026 גביע העולם טורניר הגמר תזמן | T2: 2026 Labdarúgó-világbajnokság döntő sorozata | U2: Jadwal Turnamen Final Piala Dunia 2026 | V2: HM 2026 lokakeppnin | W2: Calendario Coppa del mondo 2026 | X2: 2026 월드컵 최종 토너먼트 일정 | Y2: 2026 Pasaulio Futbolo Čempionato Tvarkaraštis | Z2: Светско првенство 2026 - Распоред на натпревари | AA2: Skeda tat-Tazza tad-Dinja 2026 | AB2: Verdensmesterskapet i fotball 2026 | AC2: جدول مسابقات فینال جام جهانی 2026 | AD2: 2026 Mistrzostwa Świata Terminarz Meczów | AE2: Calendário Fase Final Mundial 2026 | AF2: Programul Turneului Final FIFA World Cup 2026 | AG2: Svetsko prvenstvo u fudbalu 2026 - Raspored utakmica | AH2: Majstrovstvá sveta vo futbale 2026 | AI2: Svetovno prvenstvo 2026 razpored tekem | AJ2: Copa Mundial de Fútbol - Brasil 2026 | AK2: Schema för VM-slutspelet 2026 | AL2: ตารางการแข่งขันฟุตบอลโลก 2026 | AM2: 2026 Dünya Kupası Finalleri Turnuva Fikstürü | AN2: Lịch Thi Đấu Cúp Bóng Đá Thế Giới 2026 | AO2: Календар Чемпіонату Світу 2026 | AP2: ۲۰۱۰ فٹبال عالمی کپ ٹورنمنٹ کا خاکہ
A3: Group Stage | B3: Grupet | C3: الدور الأول | D3: Խմբային փուլ | E3: Qrup Mərhələsi | F3: Групова фаза | G3: Fase de grups | H3: 小组赛阶段 | I3: 分組賽 | J3: Prvi krug | K3: Základní skupiny | L3: Gruppespil | M3: Groepsfase | N3: Bólkaspæl | O3: Phase de groupes | P3: ჯგუფური ეტაპი | Q3: Gruppenphase | R3: Φάση Ομίλων | S3: שלב הבתים | T3: Csoportkörök | U3: Babak Kualifikasi | V3: Riðlakeppnin | W3: Fase a gironi | X3: 조별 리그 | Y3: Grupės Etapas | Z3: Фаза по групи | AA3: Fażi tal-Gruppi | AB3: Gruppespill | AC3: مرحله گروهی | AD3: Faza Grupowa | AE3: Fase de grupos | AF3: Faza Grupelor | AG3: Grupno takmičenje | AH3: Skupinová fáza | AI3: Skupinski del | AJ3: Fase de grupos | AK3: Gruppspel | AL3: รอบแรก | AM3: Grup Aşaması | AN3: Vòng Bảng | AO3: Груповий етап | AP3: گروپ بندی
A4: Round of 16 | B4: Rundi I 16 | C4: دور الستة عشر | D4: 1/8 Եզրափակիչ | E4: 16-da bir raund | F4: 1/8 - финали | G4: Vuitens de final | H4: 16强赛 | I4: 十六強 | J4: Drugi krug | K4: Osmifinále | L4: Runde af 16 | M4: Achtste finales | N4: Áttandapartsfinala | O4: Huitièmes de finale | P4: მერვედფინალი | Q4: Achtelfinale | R4: Φάση των 16 | S4: שמינית גמר | T4: Nyolcaddöntők | U4: Per Delapan Final | V4: 16 liða úrslit | W4: Ottavi di finale | X4: 16강전 | Y4: 16-tuko Raundas | Z4: 1/8 финале | AA4: L-Aħħar Sittax | AB4: 8-dels finale | AC4: یک هشتم نهائی | AD4: 1/8 Finału | AE4: Oitavos de Final | AF4: Optimi | AG4: Šesnaestina finala | AH4: Osemfinále | AI4: Osminafinala | AJ4: Octavos de final | AK4: Åttondelsfinal | AL4: รอบสอง | AM4: Son 16 | AN4: Vòng 1/16 | AO4: 1/8 фіналу | AP4: سولھواں دور
A5: Quarterfinals | B5: Qerekfinalja | C5: دور الربع نهائي | D5: 1/4 Եզրափակիչ | E5: Dörddə bir Final | F5: 1/4 - финали | G5: Quarts de final | H5: 8强赛 | I5: 八強 | J5: Četvrtfinale | K5: Čtvrtfinále | L5: Kvartfinale | M5: Kwartfinales | N5: Fjórðingsfinala | O5: Quart de Finale | P5: მეოთხედფინალი | Q5: Viertelfinale | R5: Προημιτελικοί | S5: רבע גמר | T5: Negyeddöntők | U5: Perempat Final | V5: 8 liða úrslit | W5: Quarti di finale | X5: 8강전 | Y5: Ketvirtfinaliai | Z5: 1/4 финале | AA5: Kwarti-Finali | AB5: Kvartfinale | AC5: یک چهارم نهائی | AD5: Ćwierćfinały | AE5: Quartos de Final | AF5: Sferturi de finala | AG5: Četvrtfinale | AH5: Štvrťfinále | AI5: Četrtfinale | AJ5: Cuartos de Final | AK5: Kvartsfinal | AL5: รอบก่อนรองชนะเลิศ | AM5: Çeyrek Final | AN5: Tứ kết | AO5: Чвертьфінал | AP5: کواٹر فائنل
A6: Semi-Finals | B6: Gjysmëfinalja | C6: دور النصف نهائي | D6: Կիսաեզրափակիչ | E6: Yarım Final | F6: 1/2 - финали | G6: Semifinals | H6: 半决赛 | I6: 準決賽 | J6: Polufinale | K6: Semifinále | L6: Semifinale | M6: Halve finales | N6: Hálvfinala | O6: Demi-Finale | P6: ნახევარფინალი | Q6: Halbfinale | R6: Ημιτελικοί | S6: חצי גמר | T6: Elődöntők | U6: Semi Final | V6: Undanúrslit | W6: Semifinali | X6: 준결승전 | Y6: Pusfinaliai | Z6: 1/2 финале | AA6: Semi-Finali | AB6: Semifinale | AC6: نیمه نهائی | AD6: Półfinały | AE6: Semi-final | AF6: Semifinale | AG6: Polufinale | AH6: Semifinále | AI6: Polfinale | AJ6: Semifinales | AK6: Semifinal | AL6: รอบรองชนะเลิศ | AM6: Yarı Final | AN6: Bán kết | AO6: Півфінал | AP6: سیمی فائنل
A7: Third-Place Play-Off | B7: Takimi për vendin e tretë | C7: تحديد المركزين الثالث والرابع | D7: 3-րդ տեղի համար եզրափակիչ | E7: Üçüncü Yer Uğrunda | F7: Мач за трето място | G7: 3r i 4t lloc | H7: 季军赛 | I7: 季軍賽 | J7: Za treće mjesto | K7: Zápas o 3.místo | L7: Tredjeplads Kamp | M7: Derde en vierde plaats | N7: Dystur um 3. pláss | O7: Match pour la troisième place | P7: მესამე ადგილი | Q7: Spiel um den dritten Platz | R7: Μικρός Τελικός | S7: מקום 3-4 | T7: Bronzmeccs | U7: Perebutan Tempat Ketiga | V7: Leikur um 3.sæti | W7: Finale 3°- 4° posto | X7: 3,4위전 | Y7: Rungtynės dėl Trečios Vietos | Z7: Натпревар за трето место | AA7: Final għat-Tielet u r-Raba' Post | AB7: Bronsefinale | AC7: رده بندی | AD7: Mecz o trzecie miejsce | AE7: 3º/4º lugar | AF7: Finala mica | AG7: Za treće mjesto | AH7: Zápas o 3. miesto | AI7: Za tretje mesto | AJ7: Tercer puesto | AK7: Match om tredje pris | AL7: รอบชิงที่ 3 | AM7: Üçüncülük Maçı | AN7: Tranh hạng 3 | AO7: Матч за третє місце | AP7: تیسرے مقام کے لئے کھیل
A8: Final | B8: Finalja | C8: المباراة النهائية | D8: Եզրափակիչ | E8: Final | F8: Финал | G8: Final | H8: 总决赛 | I8: 總決賽 | J8: Finale | K8: Finále | L8: Finale | M8: Finale | N8: Finala | O8: Finale | P8: ფინალი | Q8: Finale | R8: Τελικός | S8: גמר | T8: Döntő | U8: Final | V8: Úrslit | W8: Finale | X8: 결승전 | Y8: Finalas | Z8: Финале | AA8: Finali | AB8: Finale | AC8: فینال | AD8: Finał | AE8: Final | AF8: FINALA | AG8: Finale | AH8: Finále | AI8: Finale | AJ8: Final | AK8: Final | AL8: รอบชิงชนะเลิศ | AM8: Final | AN8: Chung Kết | AO8: Фінал | AP8: فائنل
A9: Group | B9: Grupi | C9: المجموعة | D9: Խումբ | E9: Qrup | F9: Група | G9: Grup | H9: 小组 | I9: 小組 | J9: Grupa | K9: Skupina | L9: Gruppe | M9: Groep | N9: Bólkur | O9: Groupe | P9: ჯგუფი | Q9: Gruppe | R9: Όμιλος | S9: בית | T9: Csoport | U9: Kelompok | V9: Riðill | W9: Gruppo | X9: 그룹 | Y9: Grupė | Z9: Група | AA9: Grupp | AB9: Gruppe | AC9: گروه | AD9: Grupa | AE9: Grupo | AF9: Grupa | AG9: Grupa | AH9: Skupina | AI9: Skupina | AJ9: Grupo | AK9: Grupp | AL9: สาย | AM9: Grup | AN9: Bảng | AO9: Група | AP9: گروپ بندی
A10: PL | B10: L | C10: لعب | D10: Խ | E10: O | F10: М | G10: J | H10: 场次 | I10: 賽 | J10: PL | K10: Z | L10: SP | M10: WG | N10: SP | O10: J | P10: თ | Q10: SP | R10: ΑΓ | S10: משחקים | T10: M | U10: Main | V10: L | W10: G | X10: 경기 | Y10: Žst | Z10: О | AA10: L | AB10: S | AC10: بازی | AD10: M | AE10: J | AF10: J | AG10: UT | AH10: Z | AI10: PL | AJ10: J | AK10: Sp | AL10: แข่ง | AM10: O | AN10: Trận | AO10: І | AP10: کھیلے گئے مقابلے
A11: W | B11: F | C11: فاز | D11: Հ | E11: Q | F11: П | G11: G | H11: 胜 | I11: 勝 | J11: W | K11: V | L11: V | M11: W | N11: V | O11: V | P11: მოგ | Q11: S | R11: Ν | S11: נצחונות | T11: GY | U11: Menang | V11: U | W11: V | X11: 승 | Y11: L | Z11: П | AA11: R | AB11: V | AC11: برد | AD11: Z | AE11: V | AF11: V | AG11: P | AH11: V | AI11: W | AJ11: G | AK11: V | AL11: ชนะ | AM11: G | AN11: T | AO11: В | AP11: جیت
A12: DRAW | B12: BAR | C12: تعادل | D12: Ո | E12: H | F12: Р | G12: E | H12: 平 | I12: 和 | J12: DRAW | K12: R | L12: Uafgjort | M12: G | N12: J | O12: DRAW | P12: ფრე | Q12: DRAW | R12: Ι | S12: תיקו | T12: D | U12: Seri | V12: Jafnt | W12: P | X12: 무 | Y12: Lyg | Z12: Н | AA12: I | AB12: T | AC12: مساوی | AD12: R | AE12: E | AF12: E | AG12: NER. | AH12: R | AI12: DRAW | AJ12: DRAW | AK12: O | AL12: เสมอ | AM12: B | AN12: H | AO12: Н | AP12: برابر
... A157: en | B157: sq | C157: ar | D157: hy | E157: az | F157: bg | G157: ca | H157: zh-CN | I157: zh-TW | J157: hr | K157: cs | L157: da | M157: nl | N157: fr | O157: fr | P157: ka | Q157: de | R157: el | S157: iw | T157: hu | U157: id | V157: is | W157: it | X157: ko | Y157: lt | Z157: mk | AA157: mt | AB157: no | AC157: fa | AD157: pl | AE157: pt | AF157: ro | AG157: sr | AH157: sk | AI157: sl | AJ157: es | AK157: sv | AL157: th | AM157: tr | AN157: vi | AO157: uk | AP157: ur

Sheet Survivor
A1: Name | B1: Round 1 | F1: Round 2 | J1: Round 3 | N1: Round 4 | R1: Round 5 | V1: Round 6 | Z1: Round 7 | AD1: Round 8
B2: Pick | E2: Opponent | F2: Pick | I2: Opponent | J2: Pick | M2: Opponent | N2: Pick | Q2: Opponent | R2: Pick | U2: Opponent | V2: Pick | Y2: Opponent | Z2: Pick | AC2: Opponent | AD2: Pick | AG2: Opponent
A3: Aidan | B3: Sweden | C3: =IFERROR(_xlfn.XLOOKUP(B3,Rounds!A$2:A$25,Rounds!B$2:B$25), _xlfn.XLOOKUP(B3,Rounds!D$2:D$25,Rounds!C$2:C$25)) -> 5 | D3: =IFERROR(_xlfn.XLOOKUP(B3,Rounds!A$2:A$25,Rounds!C$2:C$25), _xlfn.XLOOKUP(B3,Rounds!D$2:D$25,Rounds!B$2:B$25)) -> 1 | E3: =IFERROR(_xlfn.XLOOKUP(B3,Rounds!A$2:A$25,Rounds!D$2:D$25), _xlfn.XLOOKUP(B3,Rounds!D$2:D$25,Rounds!A$2:A$25)) -> Tunisia | F3: United States | G3: =IFERROR(_xlfn.XLOOKUP(F3,Rounds!E$2:E$25,Rounds!F$2:F$25), _xlfn.XLOOKUP(F3,Rounds!H$2:H$25,Rounds!G$2:G$25)) -> 2 | H3: =IFERROR(_xlfn.XLOOKUP(F3,Rounds!E$2:E$25,Rounds!G$2:G$25), _xlfn.XLOOKUP(F3,Rounds!H$2:H$25,Rounds!F$2:F$25)) -> 0 | I3: =IFERROR(_xlfn.XLOOKUP(F3,Rounds!E$2:E$25,Rounds!H$2:H$25), _xlfn.XLOOKUP(F3,Rounds!H$2:H$25,Rounds!E$2:E$25)) -> Australia | J3: Ivory Coast | K3: =IFERROR(_xlfn.XLOOKUP(J3,Rounds!I$2:I$25,Rounds!J$2:J$25), _xlfn.XLOOKUP(J3,Rounds!L$2:L$25,Rounds!K$2:K$25)) -> 2 | L3: =IFERROR(_xlfn.XLOOKUP(J3,Rounds!I$2:I$25,Rounds!K$2:K$25), _xlfn.XLOOKUP(J3,Rounds!L$2:L$25,Rounds!J$2:J$25)) -> 0 | M3: =IFERROR(_xlfn.XLOOKUP(J3,Rounds!I$2:I$25,Rounds!L$2:L$25), _xlfn.XLOOKUP(J3,Rounds!L$2:L$25,Rounds!I$2:I$25)) -> Curaçao | N3: Brazil | O3: =IFERROR(_xlfn.XLOOKUP(N3,Rounds!M$2:M$17,Rounds!N$2:N$17), _xlfn.XLOOKUP(N3,Rounds!P$2:P$17,Rounds!O$2:O$17)) -> 2 | P3: =IFERROR(_xlfn.XLOOKUP(N3,Rounds!M$2:M$17,Rounds!O$2:O$17), _xlfn.XLOOKUP(N3,Rounds!P$2:P$17,Rounds!N$2:N$17)) -> 1 | Q3: =IFERROR(_xlfn.XLOOKUP(N3,Rounds!M$2:M$17,Rounds!P$2:P$17), _xlfn.XLOOKUP(N3,Rounds!P$2:P$17,Rounds!M$2:M$17)) -> Japan | R3: Mexico | S3: =IFERROR(_xlfn.XLOOKUP(R3,Rounds!Q$2:Q$9,Rounds!R$2:R$9), _xlfn.XLOOKUP(R3,Rounds!T$2:T$9,Rounds!S$2:S$9)) -> 2 | T3: =IFERROR(_xlfn.XLOOKUP(R3,Rounds!Q$2:Q$9,Rounds!S$2:S$9), _xlfn.XLOOKUP(R3,Rounds!T$2:T$9,Rounds!R$2:R$9)) -> 3 | U3: =IFERROR(_xlfn.XLOOKUP(R3,Rounds!Q$2:Q$9,Rounds!T$2:T$9), _xlfn.XLOOKUP(R3,Rounds!T$2:T$9,Rounds!Q$2:Q$9)) -> England | W3: =IFERROR(_xlfn.XLOOKUP(V3,Rounds!U$2:U$5,Rounds!V$2:V$5), _xlfn.XLOOKUP(V3,Rounds!X$2:X$5,Rounds!W$2:W$5)) -> #N/A | X3: =IFERROR(_xlfn.XLOOKUP(V3,Rounds!U$2:U$5,Rounds!W$2:W$5), _xlfn.XLOOKUP(V3,Rounds!X$2:X$5,Rounds!V$2:V$5)) -> #N/A | Y3: =IFERROR(_xlfn.XLOOKUP(V3,Rounds!U$2:U$5,Rounds!X$2:X$5), _xlfn.XLOOKUP(V3,Rounds!X$2:X$5,Rounds!U$2:U$5)) -> #N/A | AA3: =IFERROR(_xlfn.XLOOKUP(Z3,Rounds!Y$2:Y$3,Rounds!Z$2:Z$3), _xlfn.XLOOKUP(Z3,Rounds!AB$2:AB$3,Rounds!AA$2:AA$3)) -> #N/A | AB3: =IFERROR(_xlfn.XLOOKUP(Z3,Rounds!Y$2:Y$3,Rounds!AA$2:AA$3), _xlfn.XLOOKUP(Z3,Rounds!AB$2:AB$3,Rounds!Z$2:Z$3)) -> #N/A | AC3: =IFERROR(_xlfn.XLOOKUP(Z3,Rounds!Y$2:Y$3,Rounds!AB$2:AB$3), _xlfn.XLOOKUP(Z3,Rounds!AB$2:AB$3,Rounds!Y$2:Y$3)) -> #N/A | AE3: {=IFERROR(_xlfn.XLOOKUP(AD3,Rounds!AC$2:AC$2,Rounds!AD$2:AD$2), _xlfn.XLOOKUP(AD3,Rounds!AF$2:AF$2,Rounds!AE$2:AE$2))} -> #N/A | AF3: {=IFERROR(_xlfn.XLOOKUP(AD3,Rounds!AC$2:AC$2,Rounds!AE$2:AE$2), _xlfn.XLOOKUP(AD3,Rounds!AF$2:AF$2,Rounds!AD$2:AD$2))} -> #N/A | AG3: {=IFERROR(_xlfn.XLOOKUP(AD3,Rounds!AC$2:AC$2,Rounds!AF$2:AF$2), _xlfn.XLOOKUP(AD3,Rounds!AF$2:AF$2,Rounds!AC$2:AC$2))} -> #N/A
A4: Rylan | B4: Switzerland | C4: =IFERROR(_xlfn.XLOOKUP(B4,Rounds!A$2:A$25,Rounds!B$2:B$25), _xlfn.XLOOKUP(B4,Rounds!D$2:D$25,Rounds!C$2:C$25)) -> 1 | D4: =IFERROR(_xlfn.XLOOKUP(B4,Rounds!A$2:A$25,Rounds!C$2:C$25), _xlfn.XLOOKUP(B4,Rounds!D$2:D$25,Rounds!B$2:B$25)) -> 1 | E4: =IFERROR(_xlfn.XLOOKUP(B4,Rounds!A$2:A$25,Rounds!D$2:D$25), _xlfn.XLOOKUP(B4,Rounds!D$2:D$25,Rounds!A$2:A$25)) -> Qatar | F4: Egypt | G4: =IFERROR(_xlfn.XLOOKUP(F4,Rounds!E$2:E$25,Rounds!F$2:F$25), _xlfn.XLOOKUP(F4,Rounds!H$2:H$25,Rounds!G$2:G$25)) -> 3 | H4: =IFERROR(_xlfn.XLOOKUP(F4,Rounds!E$2:E$25,Rounds!G$2:G$25), _xlfn.XLOOKUP(F4,Rounds!H$2:H$25,Rounds!F$2:F$25)) -> 1 | I4: =IFERROR(_xlfn.XLOOKUP(F4,Rounds!E$2:E$25,Rounds!H$2:H$25), _xlfn.XLOOKUP(F4,Rounds!H$2:H$25,Rounds!E$2:E$25)) -> New Zealand | J4: Morocco | K4: =IFERROR(_xlfn.XLOOKUP(J4,Rounds!I$2:I$25,Rounds!J$2:J$25), _xlfn.XLOOKUP(J4,Rounds!L$2:L$25,Rounds!K$2:K$25)) -> 4 | L4: =IFERROR(_xlfn.XLOOKUP(J4,Rounds!I$2:I$25,Rounds!K$2:K$25), _xlfn.XLOOKUP(J4,Rounds!L$2:L$25,Rounds!J$2:J$25)) -> 2 | M4: =IFERROR(_xlfn.XLOOKUP(J4,Rounds!I$2:I$25,Rounds!L$2:L$25), _xlfn.XLOOKUP(J4,Rounds!L$2:L$25,Rounds!I$2:I$25)) -> Haiti | N4: England | O4: =IFERROR(_xlfn.XLOOKUP(N4,Rounds!M$2:M$17,Rounds!N$2:N$17), _xlfn.XLOOKUP(N4,Rounds!P$2:P$17,Rounds!O$2:O$17)) -> 2 | P4: =IFERROR(_xlfn.XLOOKUP(N4,Rounds!M$2:M$17,Rounds!O$2:O$17), _xlfn.XLOOKUP(N4,Rounds!P$2:P$17,Rounds!N$2:N$17)) -> 1 | Q4: =IFERROR(_xlfn.XLOOKUP(N4,Rounds!M$2:M$17,Rounds!P$2:P$17), _xlfn.XLOOKUP(N4,Rounds!P$2:P$17,Rounds!M$2:M$17)) -> DR Congo | R4: Mexico | S4: =IFERROR(_xlfn.XLOOKUP(R4,Rounds!Q$2:Q$9,Rounds!R$2:R$9), _xlfn.XLOOKUP(R4,Rounds!T$2:T$9,Rounds!S$2:S$9)) -> 2 | T4: =IFERROR(_xlfn.XLOOKUP(R4,Rounds!Q$2:Q$9,Rounds!S$2:S$9), _xlfn.XLOOKUP(R4,Rounds!T$2:T$9,Rounds!R$2:R$9)) -> 3 | U4: =IFERROR(_xlfn.XLOOKUP(R4,Rounds!Q$2:Q$9,Rounds!T$2:T$9), _xlfn.XLOOKUP(R4,Rounds!T$2:T$9,Rounds!Q$2:Q$9)) -> England | W4: =IFERROR(_xlfn.XLOOKUP(V4,Rounds!U$2:U$5,Rounds!V$2:V$5), _xlfn.XLOOKUP(V4,Rounds!X$2:X$5,Rounds!W$2:W$5)) -> #N/A | X4: =IFERROR(_xlfn.XLOOKUP(V4,Rounds!U$2:U$5,Rounds!W$2:W$5), _xlfn.XLOOKUP(V4,Rounds!X$2:X$5,Rounds!V$2:V$5)) -> #N/A | Y4: =IFERROR(_xlfn.XLOOKUP(V4,Rounds!U$2:U$5,Rounds!X$2:X$5), _xlfn.XLOOKUP(V4,Rounds!X$2:X$5,Rounds!U$2:U$5)) -> #N/A | AA4: =IFERROR(_xlfn.XLOOKUP(Z4,Rounds!Y$2:Y$3,Rounds!Z$2:Z$3), _xlfn.XLOOKUP(Z4,Rounds!AB$2:AB$3,Rounds!AA$2:AA$3)) -> #N/A | AB4: =IFERROR(_xlfn.XLOOKUP(Z4,Rounds!Y$2:Y$3,Rounds!AA$2:AA$3), _xlfn.XLOOKUP(Z4,Rounds!AB$2:AB$3,Rounds!Z$2:Z$3)) -> #N/A | AC4: =IFERROR(_xlfn.XLOOKUP(Z4,Rounds!Y$2:Y$3,Rounds!AB$2:AB$3), _xlfn.XLOOKUP(Z4,Rounds!AB$2:AB$3,Rounds!Y$2:Y$3)) -> #N/A | AE4: {=IFERROR(_xlfn.XLOOKUP(AD4,Rounds!AC$2:AC$2,Rounds!AD$2:AD$2), _xlfn.XLOOKUP(AD4,Rounds!AF$2:AF$2,Rounds!AE$2:AE$2))} -> #N/A | AF4: {=IFERROR(_xlfn.XLOOKUP(AD4,Rounds!AC$2:AC$2,Rounds!AE$2:AE$2), _xlfn.XLOOKUP(AD4,Rounds!AF$2:AF$2,Rounds!AD$2:AD$2))} -> #N/A | AG4: {=IFERROR(_xlfn.XLOOKUP(AD4,Rounds!AC$2:AC$2,Rounds!AF$2:AF$2), _xlfn.XLOOKUP(AD4,Rounds!AF$2:AF$2,Rounds!AC$2:AC$2))} -> #N/A
A5: Kenzie | B5: Colombia | C5: =IFERROR(_xlfn.XLOOKUP(B5,Rounds!A$2:A$25,Rounds!B$2:B$25), _xlfn.XLOOKUP(B5,Rounds!D$2:D$25,Rounds!C$2:C$25)) -> 3 | D5: =IFERROR(_xlfn.XLOOKUP(B5,Rounds!A$2:A$25,Rounds!C$2:C$25), _xlfn.XLOOKUP(B5,Rounds!D$2:D$25,Rounds!B$2:B$25)) -> 1 | E5: =IFERROR(_xlfn.XLOOKUP(B5,Rounds!A$2:A$25,Rounds!D$2:D$25), _xlfn.XLOOKUP(B5,Rounds!D$2:D$25,Rounds!A$2:A$25)) -> Uzbekistan | F5: Ecuador | G5: =IFERROR(_xlfn.XLOOKUP(F5,Rounds!E$2:E$25,Rounds!F$2:F$25), _xlfn.XLOOKUP(F5,Rounds!H$2:H$25,Rounds!G$2:G$25)) -> 0 | H5: =IFERROR(_xlfn.XLOOKUP(F5,Rounds!E$2:E$25,Rounds!G$2:G$25), _xlfn.XLOOKUP(F5,Rounds!H$2:H$25,Rounds!F$2:F$25)) -> 0 | I5: =IFERROR(_xlfn.XLOOKUP(F5,Rounds!E$2:E$25,Rounds!H$2:H$25), _xlfn.XLOOKUP(F5,Rounds!H$2:H$25,Rounds!E$2:E$25)) -> Curaçao | J5: Mexico | K5: =IFERROR(_xlfn.XLOOKUP(J5,Rounds!I$2:I$25,Rounds!J$2:J$25), _xlfn.XLOOKUP(J5,Rounds!L$2:L$25,Rounds!K$2:K$25)) -> 3 | L5: =IFERROR(_xlfn.XLOOKUP(J5,Rounds!I$2:I$25,Rounds!K$2:K$25), _xlfn.XLOOKUP(J5,Rounds!L$2:L$25,Rounds!J$2:J$25)) -> 0 | M5: =IFERROR(_xlfn.XLOOKUP(J5,Rounds!I$2:I$25,Rounds!L$2:L$25), _xlfn.XLOOKUP(J5,Rounds!L$2:L$25,Rounds!I$2:I$25)) -> Czech Republic | N5: Belgium | O5: =IFERROR(_xlfn.XLOOKUP(N5,Rounds!M$2:M$17,Rounds!N$2:N$17), _xlfn.XLOOKUP(N5,Rounds!P$2:P$17,Rounds!O$2:O$17)) -> 3 | P5: =IFERROR(_xlfn.XLOOKUP(N5,Rounds!M$2:M$17,Rounds!O$2:O$17), _xlfn.XLOOKUP(N5,Rounds!P$2:P$17,Rounds!N$2:N$17)) -> 2 | Q5: =IFERROR(_xlfn.XLOOKUP(N5,Rounds!M$2:M$17,Rounds!P$2:P$17), _xlfn.XLOOKUP(N5,Rounds!P$2:P$17,Rounds!M$2:M$17)) -> Senegal | R5: Morocco | S5: =IFERROR(_xlfn.XLOOKUP(R5,Rounds!Q$2:Q$9,Rounds!R$2:R$9), _xlfn.XLOOKUP(R5,Rounds!T$2:T$9,Rounds!S$2:S$9)) -> 3 | T5: =IFERROR(_xlfn.XLOOKUP(R5,Rounds!Q$2:Q$9,Rounds!S$2:S$9), _xlfn.XLOOKUP(R5,Rounds!T$2:T$9,Rounds!R$2:R$9)) -> 0 | U5: =IFERROR(_xlfn.XLOOKUP(R5,Rounds!Q$2:Q$9,Rounds!T$2:T$9), _xlfn.XLOOKUP(R5,Rounds!T$2:T$9,Rounds!Q$2:Q$9)) -> Canada | W5: =IFERROR(_xlfn.XLOOKUP(V5,Rounds!U$2:U$5,Rounds!V$2:V$5), _xlfn.XLOOKUP(V5,Rounds!X$2:X$5,Rounds!W$2:W$5)) -> #N/A | X5: =IFERROR(_xlfn.XLOOKUP(V5,Rounds!U$2:U$5,Rounds!W$2:W$5), _xlfn.XLOOKUP(V5,Rounds!X$2:X$5,Rounds!V$2:V$5)) -> #N/A | Y5: =IFERROR(_xlfn.XLOOKUP(V5,Rounds!U$2:U$5,Rounds!X$2:X$5), _xlfn.XLOOKUP(V5,Rounds!X$2:X$5,Rounds!U$2:U$5)) -> #N/A | AA5: =IFERROR(_xlfn.XLOOKUP(Z5,Rounds!Y$2:Y$3,Rounds!Z$2:Z$3), _xlfn.XLOOKUP(Z5,Rounds!AB$2:AB$3,Rounds!AA$2:AA$3)) -> #N/A | AB5: =IFERROR(_xlfn.XLOOKUP(Z5,Rounds!Y$2:Y$3,Rounds!AA$2:AA$3), _xlfn.XLOOKUP(Z5,Rounds!AB$2:AB$3,Rounds!Z$2:Z$3)) -> #N/A | AC5: =IFERROR(_xlfn.XLOOKUP(Z5,Rounds!Y$2:Y$3,Rounds!AB$2:AB$3), _xlfn.XLOOKUP(Z5,Rounds!AB$2:AB$3,Rounds!Y$2:Y$3)) -> #N/A | AE5: {=IFERROR(_xlfn.XLOOKUP(AD5,Rounds!AC$2:AC$2,Rounds!AD$2:AD$2), _xlfn.XLOOKUP(AD5,Rounds!AF$2:AF$2,Rounds!AE$2:AE$2))} -> #N/A | AF5: {=IFERROR(_xlfn.XLOOKUP(AD5,Rounds!AC$2:AC$2,Rounds!AE$2:AE$2), _xlfn.XLOOKUP(AD5,Rounds!AF$2:AF$2,Rounds!AD$2:AD$2))} -> #N/A | AG5: {=IFERROR(_xlfn.XLOOKUP(AD5,Rounds!AC$2:AC$2,Rounds!AF$2:AF$2), _xlfn.XLOOKUP(AD5,Rounds!AF$2:AF$2,Rounds!AC$2:AC$2))} -> #N/A
A6: Thomas | B6: Norway | C6: =IFERROR(_xlfn.XLOOKUP(B6,Rounds!A$2:A$25,Rounds!B$2:B$25), _xlfn.XLOOKUP(B6,Rounds!D$2:D$25,Rounds!C$2:C$25)) -> 4 | D6: =IFERROR(_xlfn.XLOOKUP(B6,Rounds!A$2:A$25,Rounds!C$2:C$25), _xlfn.XLOOKUP(B6,Rounds!D$2:D$25,Rounds!B$2:B$25)) -> 1 | E6: =IFERROR(_xlfn.XLOOKUP(B6,Rounds!A$2:A$25,Rounds!D$2:D$25), _xlfn.XLOOKUP(B6,Rounds!D$2:D$25,Rounds!A$2:A$25)) -> Iraq | F6: Japan | G6: =IFERROR(_xlfn.XLOOKUP(F6,Rounds!E$2:E$25,Rounds!F$2:F$25), _xlfn.XLOOKUP(F6,Rounds!H$2:H$25,Rounds!G$2:G$25)) -> 4 | H6: =IFERROR(_xlfn.XLOOKUP(F6,Rounds!E$2:E$25,Rounds!G$2:G$25), _xlfn.XLOOKUP(F6,Rounds!H$2:H$25,Rounds!F$2:F$25)) -> 0 | I6: =IFERROR(_xlfn.XLOOKUP(F6,Rounds!E$2:E$25,Rounds!H$2:H$25), _xlfn.XLOOKUP(F6,Rounds!H$2:H$25,Rounds!E$2:E$25)) -> Tunisia | J6: Ivory Coast | K6: =IFERROR(_xlfn.XLOOKUP(J6,Rounds!I$2:I$25,Rounds!J$2:J$25), _xlfn.XLOOKUP(J6,Rounds!L$2:L$25,Rounds!K$2:K$25)) -> 2 | L6: =IFERROR(_xlfn.XLOOKUP(J6,Rounds!I$2:I$25,Rounds!K$2:K$25), _xlfn.XLOOKUP(J6,Rounds!L$2:L$25,Rounds!J$2:J$25)) -> 0 | M6: =IFERROR(_xlfn.XLOOKUP(J6,Rounds!I$2:I$25,Rounds!L$2:L$25), _xlfn.XLOOKUP(J6,Rounds!L$2:L$25,Rounds!I$2:I$25)) -> Curaçao | N6: Germany | O6: =IFERROR(_xlfn.XLOOKUP(N6,Rounds!M$2:M$17,Rounds!N$2:N$17), _xlfn.XLOOKUP(N6,Rounds!P$2:P$17,Rounds!O$2:O$17)) -> 1 | P6: =IFERROR(_xlfn.XLOOKUP(N6,Rounds!M$2:M$17,Rounds!O$2:O$17), _xlfn.XLOOKUP(N6,Rounds!P$2:P$17,Rounds!N$2:N$17)) -> 2 | Q6: =IFERROR(_xlfn.XLOOKUP(N6,Rounds!M$2:M$17,Rounds!P$2:P$17), _xlfn.XLOOKUP(N6,Rounds!P$2:P$17,Rounds!M$2:M$17)) -> Paraguay | R6: Mexico | S6: =IFERROR(_xlfn.XLOOKUP(R6,Rounds!Q$2:Q$9,Rounds!R$2:R$9), _xlfn.XLOOKUP(R6,Rounds!T$2:T$9,Rounds!S$2:S$9)) -> 2 | T6: =IFERROR(_xlfn.XLOOKUP(R6,Rounds!Q$2:Q$9,Rounds!S$2:S$9), _xlfn.XLOOKUP(R6,Rounds!T$2:T$9,Rounds!R$2:R$9)) -> 3 | U6: =IFERROR(_xlfn.XLOOKUP(R6,Rounds!Q$2:Q$9,Rounds!T$2:T$9), _xlfn.XLOOKUP(R6,Rounds!T$2:T$9,Rounds!Q$2:Q$9)) -> England | W6: =IFERROR(_xlfn.XLOOKUP(V6,Rounds!U$2:U$5,Rounds!V$2:V$5), _xlfn.XLOOKUP(V6,Rounds!X$2:X$5,Rounds!W$2:W$5)) -> #N/A | X6: =IFERROR(_xlfn.XLOOKUP(V6,Rounds!U$2:U$5,Rounds!W$2:W$5), _xlfn.XLOOKUP(V6,Rounds!X$2:X$5,Rounds!V$2:V$5)) -> #N/A | Y6: =IFERROR(_xlfn.XLOOKUP(V6,Rounds!U$2:U$5,Rounds!X$2:X$5), _xlfn.XLOOKUP(V6,Rounds!X$2:X$5,Rounds!U$2:U$5)) -> #N/A | AA6: =IFERROR(_xlfn.XLOOKUP(Z6,Rounds!Y$2:Y$3,Rounds!Z$2:Z$3), _xlfn.XLOOKUP(Z6,Rounds!AB$2:AB$3,Rounds!AA$2:AA$3)) -> #N/A | AB6: =IFERROR(_xlfn.XLOOKUP(Z6,Rounds!Y$2:Y$3,Rounds!AA$2:AA$3), _xlfn.XLOOKUP(Z6,Rounds!AB$2:AB$3,Rounds!Z$2:Z$3)) -> #N/A | AC6: =IFERROR(_xlfn.XLOOKUP(Z6,Rounds!Y$2:Y$3,Rounds!AB$2:AB$3), _xlfn.XLOOKUP(Z6,Rounds!AB$2:AB$3,Rounds!Y$2:Y$3)) -> #N/A | AE6: {=IFERROR(_xlfn.XLOOKUP(AD6,Rounds!AC$2:AC$2,Rounds!AD$2:AD$2), _xlfn.XLOOKUP(AD6,Rounds!AF$2:AF$2,Rounds!AE$2:AE$2))} -> #N/A | AF6: {=IFERROR(_xlfn.XLOOKUP(AD6,Rounds!AC$2:AC$2,Rounds!AE$2:AE$2), _xlfn.XLOOKUP(AD6,Rounds!AF$2:AF$2,Rounds!AD$2:AD$2))} -> #N/A | AG6: {=IFERROR(_xlfn.XLOOKUP(AD6,Rounds!AC$2:AC$2,Rounds!AF$2:AF$2), _xlfn.XLOOKUP(AD6,Rounds!AF$2:AF$2,Rounds!AC$2:AC$2))} -> #N/A
A7: Heather | B7: Switzerland | C7: =IFERROR(_xlfn.XLOOKUP(B7,Rounds!A$2:A$25,Rounds!B$2:B$25), _xlfn.XLOOKUP(B7,Rounds!D$2:D$25,Rounds!C$2:C$25)) -> 1 | D7: =IFERROR(_xlfn.XLOOKUP(B7,Rounds!A$2:A$25,Rounds!C$2:C$25), _xlfn.XLOOKUP(B7,Rounds!D$2:D$25,Rounds!B$2:B$25)) -> 1 | E7: =IFERROR(_xlfn.XLOOKUP(B7,Rounds!A$2:A$25,Rounds!D$2:D$25), _xlfn.XLOOKUP(B7,Rounds!D$2:D$25,Rounds!A$2:A$25)) -> Qatar | F7: Egypt | G7: =IFERROR(_xlfn.XLOOKUP(F7,Rounds!E$2:E$25,Rounds!F$2:F$25), _xlfn.XLOOKUP(F7,Rounds!H$2:H$25,Rounds!G$2:G$25)) -> 3 | H7: =IFERROR(_xlfn.XLOOKUP(F7,Rounds!E$2:E$25,Rounds!G$2:G$25), _xlfn.XLOOKUP(F7,Rounds!H$2:H$25,Rounds!F$2:F$25)) -> 1 | I7: =IFERROR(_xlfn.XLOOKUP(F7,Rounds!E$2:E$25,Rounds!H$2:H$25), _xlfn.XLOOKUP(F7,Rounds!H$2:H$25,Rounds!E$2:E$25)) -> New Zealand | J7: Bosnia and Herzegovina | K7: =IFERROR(_xlfn.XLOOKUP(J7,Rounds!I$2:I$25,Rounds!J$2:J$25), _xlfn.XLOOKUP(J7,Rounds!L$2:L$25,Rounds!K$2:K$25)) -> 3 | L7: =IFERROR(_xlfn.XLOOKUP(J7,Rounds!I$2:I$25,Rounds!K$2:K$25), _xlfn.XLOOKUP(J7,Rounds!L$2:L$25,Rounds!J$2:J$25)) -> 1 | M7: =IFERROR(_xlfn.XLOOKUP(J7,Rounds!I$2:I$25,Rounds!L$2:L$25), _xlfn.XLOOKUP(J7,Rounds!L$2:L$25,Rounds!I$2:I$25)) -> Qatar | N7: Belgium | O7: =IFERROR(_xlfn.XLOOKUP(N7,Rounds!M$2:M$17,Rounds!N$2:N$17), _xlfn.XLOOKUP(N7,Rounds!P$2:P$17,Rounds!O$2:O$17)) -> 3 | P7: =IFERROR(_xlfn.XLOOKUP(N7,Rounds!M$2:M$17,Rounds!O$2:O$17), _xlfn.XLOOKUP(N7,Rounds!P$2:P$17,Rounds!N$2:N$17)) -> 2 | Q7: =IFERROR(_xlfn.XLOOKUP(N7,Rounds!M$2:M$17,Rounds!P$2:P$17), _xlfn.XLOOKUP(N7,Rounds!P$2:P$17,Rounds!M$2:M$17)) -> Senegal | R7: Spain | S7: =IFERROR(_xlfn.XLOOKUP(R7,Rounds!Q$2:Q$9,Rounds!R$2:R$9), _xlfn.XLOOKUP(R7,Rounds!T$2:T$9,Rounds!S$2:S$9)) -> 1 | T7: =IFERROR(_xlfn.XLOOKUP(R7,Rounds!Q$2:Q$9,Rounds!S$2:S$9), _xlfn.XLOOKUP(R7,Rounds!T$2:T$9,Rounds!R$2:R$9)) -> 0 | U7: =IFERROR(_xlfn.XLOOKUP(R7,Rounds!Q$2:Q$9,Rounds!T$2:T$9), _xlfn.XLOOKUP(R7,Rounds!T$2:T$9,Rounds!Q$2:Q$9)) -> Portugal | W7: =IFERROR(_xlfn.XLOOKUP(V7,Rounds!U$2:U$5,Rounds!V$2:V$5), _xlfn.XLOOKUP(V7,Rounds!X$2:X$5,Rounds!W$2:W$5)) -> #N/A | X7: =IFERROR(_xlfn.XLOOKUP(V7,Rounds!U$2:U$5,Rounds!W$2:W$5), _xlfn.XLOOKUP(V7,Rounds!X$2:X$5,Rounds!V$2:V$5)) -> #N/A | Y7: =IFERROR(_xlfn.XLOOKUP(V7,Rounds!U$2:U$5,Rounds!X$2:X$5), _xlfn.XLOOKUP(V7,Rounds!X$2:X$5,Rounds!U$2:U$5)) -> #N/A | AA7: =IFERROR(_xlfn.XLOOKUP(Z7,Rounds!Y$2:Y$3,Rounds!Z$2:Z$3), _xlfn.XLOOKUP(Z7,Rounds!AB$2:AB$3,Rounds!AA$2:AA$3)) -> #N/A | AB7: =IFERROR(_xlfn.XLOOKUP(Z7,Rounds!Y$2:Y$3,Rounds!AA$2:AA$3), _xlfn.XLOOKUP(Z7,Rounds!AB$2:AB$3,Rounds!Z$2:Z$3)) -> #N/A | AC7: =IFERROR(_xlfn.XLOOKUP(Z7,Rounds!Y$2:Y$3,Rounds!AB$2:AB$3), _xlfn.XLOOKUP(Z7,Rounds!AB$2:AB$3,Rounds!Y$2:Y$3)) -> #N/A | AE7: {=IFERROR(_xlfn.XLOOKUP(AD7,Rounds!AC$2:AC$2,Rounds!AD$2:AD$2), _xlfn.XLOOKUP(AD7,Rounds!AF$2:AF$2,Rounds!AE$2:AE$2))} -> #N/A | AF7: {=IFERROR(_xlfn.XLOOKUP(AD7,Rounds!AC$2:AC$2,Rounds!AE$2:AE$2), _xlfn.XLOOKUP(AD7,Rounds!AF$2:AF$2,Rounds!AD$2:AD$2))} -> #N/A | AG7: {=IFERROR(_xlfn.XLOOKUP(AD7,Rounds!AC$2:AC$2,Rounds!AF$2:AF$2), _xlfn.XLOOKUP(AD7,Rounds!AF$2:AF$2,Rounds!AC$2:AC$2))} -> #N/A
A8: Joey | B8: Switzerland | C8: =IFERROR(_xlfn.XLOOKUP(B8,Rounds!A$2:A$25,Rounds!B$2:B$25), _xlfn.XLOOKUP(B8,Rounds!D$2:D$25,Rounds!C$2:C$25)) -> 1 | D8: =IFERROR(_xlfn.XLOOKUP(B8,Rounds!A$2:A$25,Rounds!C$2:C$25), _xlfn.XLOOKUP(B8,Rounds!D$2:D$25,Rounds!B$2:B$25)) -> 1 | E8: =IFERROR(_xlfn.XLOOKUP(B8,Rounds!A$2:A$25,Rounds!D$2:D$25), _xlfn.XLOOKUP(B8,Rounds!D$2:D$25,Rounds!A$2:A$25)) -> Qatar | F8: Ecuador | G8: =IFERROR(_xlfn.XLOOKUP(F8,Rounds!E$2:E$25,Rounds!F$2:F$25), _xlfn.XLOOKUP(F8,Rounds!H$2:H$25,Rounds!G$2:G$25)) -> 0 | H8: =IFERROR(_xlfn.XLOOKUP(F8,Rounds!E$2:E$25,Rounds!G$2:G$25), _xlfn.XLOOKUP(F8,Rounds!H$2:H$25,Rounds!F$2:F$25)) -> 0 | I8: =IFERROR(_xlfn.XLOOKUP(F8,Rounds!E$2:E$25,Rounds!H$2:H$25), _xlfn.XLOOKUP(F8,Rounds!H$2:H$25,Rounds!E$2:E$25)) -> Curaçao | J8: Morocco | K8: =IFERROR(_xlfn.XLOOKUP(J8,Rounds!I$2:I$25,Rounds!J$2:J$25), _xlfn.XLOOKUP(J8,Rounds!L$2:L$25,Rounds!K$2:K$25)) -> 4 | L8: =IFERROR(_xlfn.XLOOKUP(J8,Rounds!I$2:I$25,Rounds!K$2:K$25), _xlfn.XLOOKUP(J8,Rounds!L$2:L$25,Rounds!J$2:J$25)) -> 2 | M8: =IFERROR(_xlfn.XLOOKUP(J8,Rounds!I$2:I$25,Rounds!L$2:L$25), _xlfn.XLOOKUP(J8,Rounds!L$2:L$25,Rounds!I$2:I$25)) -> Haiti | N8: Canada | O8: =IFERROR(_xlfn.XLOOKUP(N8,Rounds!M$2:M$17,Rounds!N$2:N$17), _xlfn.XLOOKUP(N8,Rounds!P$2:P$17,Rounds!O$2:O$17)) -> 1 | P8: =IFERROR(_xlfn.XLOOKUP(N8,Rounds!M$2:M$17,Rounds!O$2:O$17), _xlfn.XLOOKUP(N8,Rounds!P$2:P$17,Rounds!N$2:N$17)) -> 0 | Q8: =IFERROR(_xlfn.XLOOKUP(N8,Rounds!M$2:M$17,Rounds!P$2:P$17), _xlfn.XLOOKUP(N8,Rounds!P$2:P$17,Rounds!M$2:M$17)) -> South Africa | R8: England | S8: =IFERROR(_xlfn.XLOOKUP(R8,Rounds!Q$2:Q$9,Rounds!R$2:R$9), _xlfn.XLOOKUP(R8,Rounds!T$2:T$9,Rounds!S$2:S$9)) -> 3 | T8: =IFERROR(_xlfn.XLOOKUP(R8,Rounds!Q$2:Q$9,Rounds!S$2:S$9), _xlfn.XLOOKUP(R8,Rounds!T$2:T$9,Rounds!R$2:R$9)) -> 2 | U8: =IFERROR(_xlfn.XLOOKUP(R8,Rounds!Q$2:Q$9,Rounds!T$2:T$9), _xlfn.XLOOKUP(R8,Rounds!T$2:T$9,Rounds!Q$2:Q$9)) -> Mexico | W8: =IFERROR(_xlfn.XLOOKUP(V8,Rounds!U$2:U$5,Rounds!V$2:V$5), _xlfn.XLOOKUP(V8,Rounds!X$2:X$5,Rounds!W$2:W$5)) -> #N/A | X8: =IFERROR(_xlfn.XLOOKUP(V8,Rounds!U$2:U$5,Rounds!W$2:W$5), _xlfn.XLOOKUP(V8,Rounds!X$2:X$5,Rounds!V$2:V$5)) -> #N/A | Y8: =IFERROR(_xlfn.XLOOKUP(V8,Rounds!U$2:U$5,Rounds!X$2:X$5), _xlfn.XLOOKUP(V8,Rounds!X$2:X$5,Rounds!U$2:U$5)) -> #N/A | AA8: =IFERROR(_xlfn.XLOOKUP(Z8,Rounds!Y$2:Y$3,Rounds!Z$2:Z$3), _xlfn.XLOOKUP(Z8,Rounds!AB$2:AB$3,Rounds!AA$2:AA$3)) -> #N/A | AB8: =IFERROR(_xlfn.XLOOKUP(Z8,Rounds!Y$2:Y$3,Rounds!AA$2:AA$3), _xlfn.XLOOKUP(Z8,Rounds!AB$2:AB$3,Rounds!Z$2:Z$3)) -> #N/A | AC8: =IFERROR(_xlfn.XLOOKUP(Z8,Rounds!Y$2:Y$3,Rounds!AB$2:AB$3), _xlfn.XLOOKUP(Z8,Rounds!AB$2:AB$3,Rounds!Y$2:Y$3)) -> #N/A | AE8: {=IFERROR(_xlfn.XLOOKUP(AD8,Rounds!AC$2:AC$2,Rounds!AD$2:AD$2), _xlfn.XLOOKUP(AD8,Rounds!AF$2:AF$2,Rounds!AE$2:AE$2))} -> #N/A | AF8: {=IFERROR(_xlfn.XLOOKUP(AD8,Rounds!AC$2:AC$2,Rounds!AE$2:AE$2), _xlfn.XLOOKUP(AD8,Rounds!AF$2:AF$2,Rounds!AD$2:AD$2))} -> #N/A | AG8: {=IFERROR(_xlfn.XLOOKUP(AD8,Rounds!AC$2:AC$2,Rounds!AF$2:AF$2), _xlfn.XLOOKUP(AD8,Rounds!AF$2:AF$2,Rounds!AC$2:AC$2))} -> #N/A

Sheet Rounds
A1: Round 1 | E1: Round 2 | I1: Round 3 | M1: Round 4 | Q1: Round 5 | U1: Round 6 | Y1: Round 7 | AC1: Round 8
A2: {=IF('2026 World Cup'!E7:H30="",NA(),'2026 World Cup'!E7:H30)} -> Mexico | B2: 2 | C2: 0 | D2: South Africa | E2: {=IF('2026 World Cup'!E31:H54="",NA(),'2026 World Cup'!E31:H54)} -> Czech Republic | F2: 1 | G2: 1 | H2: South Africa | I2: {=IF('2026 World Cup'!E55:H78="",NA(),'2026 World Cup'!E55:H78)} -> Scotland | J2: 0 | K2: 3 | L2: Brazil | M2: =IF('2026 World Cup'!BL10="",NA(),'2026 World Cup'!BL10) -> Germany | N2: =IF('2026 World Cup'!$BM10="",NA(),'2026 World Cup'!$BM10) -> 1 | O2: =IF('2026 World Cup'!$BM11="",NA(),'2026 World Cup'!$BM11) -> 2 | P2: ='2026 World Cup'!BL11 -> Paraguay | Q2: ='2026 World Cup'!BS12 -> Paraguay | R2: =IF('2026 World Cup'!$BT12="",NA(),'2026 World Cup'!$BT12) -> 0 | S2: =IF('2026 World Cup'!$BT13="",NA(),'2026 World Cup'!$BT13) -> 1 | T2: ='2026 World Cup'!BS13 -> France | U2: ='2026 World Cup'!BZ16 -> France | V2: =IF('2026 World Cup'!$CA16="",NA(),'2026 World Cup'!$CA16) -> #N/A | W2: =IF('2026 World Cup'!$CA17="",NA(),'2026 World Cup'!$CA17) -> #N/A | X2: ='2026 World Cup'!BZ17 -> Morocco | Y2: ='2026 World Cup'!CG23 | Z2: =IF('2026 World Cup'!$CH23="",NA(),'2026 World Cup'!$CH23) -> #N/A | AA2: =IF('2026 World Cup'!$CH24="",NA(),'2026 World Cup'!$CH24) -> #N/A | AB2: ='2026 World Cup'!CG24 | AC2: ='2026 World Cup'!CN37 | AD2: =IF('2026 World Cup'!$CO37="",NA(),'2026 World Cup'!$CO37) -> #N/A | AE2: =IF('2026 World Cup'!$CO38="",NA(),'2026 World Cup'!$CO38) -> #N/A | AF2: ='2026 World Cup'!CN38
A3: Korea Republic | B3: 2 | C3: 1 | D3: Czech Republic | E3: Switzerland | F3: 4 | G3: 1 | H3: Bosnia and Herzegovina | I3: Morocco | J3: 4 | K3: 2 | L3: Haiti | M3: ='2026 World Cup'!BL14 -> France | N3: =IF('2026 World Cup'!$BM14="",NA(),'2026 World Cup'!$BM14) -> 3 | O3: =IF('2026 World Cup'!$BM15="",NA(),'2026 World Cup'!$BM15) -> 0 | P3: ='2026 World Cup'!BL15 -> Sweden | Q3: ='2026 World Cup'!BS20 -> Canada | R3: =IF('2026 World Cup'!$BT20="",NA(),'2026 World Cup'!$BT20) -> 0 | S3: =IF('2026 World Cup'!$BT21="",NA(),'2026 World Cup'!$BT21) -> 3 | T3: ='2026 World Cup'!BS21 -> Morocco | U3: ='2026 World Cup'!BZ32 -> Spain | V3: =IF('2026 World Cup'!$CA32="",NA(),'2026 World Cup'!$CA32) -> #N/A | W3: =IF('2026 World Cup'!$CA33="",NA(),'2026 World Cup'!$CA33) -> #N/A | X3: ='2026 World Cup'!BZ33 | Y3: ='2026 World Cup'!CG55 | Z3: =IF('2026 World Cup'!$CH55="",NA(),'2026 World Cup'!$CH55) -> #N/A | AA3: =IF('2026 World Cup'!$CH56="",NA(),'2026 World Cup'!$CH56) -> #N/A | AB3: ='2026 World Cup'!CG56
A4: Canada | B4: 1 | C4: 1 | D4: Bosnia and Herzegovina | E4: Canada | F4: 6 | G4: 0 | H4: Qatar | I4: Switzerland | J4: 2 | K4: 1 | L4: Canada | M4: ='2026 World Cup'!BL18 -> South Africa | N4: =IF('2026 World Cup'!$BM18="",NA(),'2026 World Cup'!$BM18) -> 0 | O4: =IF('2026 World Cup'!$BM19="",NA(),'2026 World Cup'!$BM19) -> 1 | P4: ='2026 World Cup'!BL19 -> Canada | Q4: ='2026 World Cup'!BS28 -> Portugal | R4: =IF('2026 World Cup'!$BT28="",NA(),'2026 World Cup'!$BT28) -> 0 | S4: =IF('2026 World Cup'!$BT29="",NA(),'2026 World Cup'!$BT29) -> 1 | T4: ='2026 World Cup'!BS29 -> Spain | U4: ='2026 World Cup'!BZ48 -> Norway | V4: =IF('2026 World Cup'!$CA48="",NA(),'2026 World Cup'!$CA48) -> #N/A | W4: =IF('2026 World Cup'!$CA49="",NA(),'2026 World Cup'!$CA49) -> #N/A | X4: ='2026 World Cup'!BZ49 -> England
A5: United States | B5: 4 | C5: 1 | D5: Paraguay | E5: Mexico | F5: 1 | G5: 0 | H5: Korea Republic | I5: Bosnia and Herzegovina | J5: 3 | K5: 1 | L5: Qatar | M5: ='2026 World Cup'!BL22 -> Netherlands | N5: =IF('2026 World Cup'!$BM22="",NA(),'2026 World Cup'!$BM22) -> 1 | O5: =IF('2026 World Cup'!$BM23="",NA(),'2026 World Cup'!$BM23) -> 2 | P5: ='2026 World Cup'!BL23 -> Morocco | Q5: ='2026 World Cup'!BS36 -> United States | R5: =IF('2026 World Cup'!$BT36="",NA(),'2026 World Cup'!$BT36) -> #N/A | S5: =IF('2026 World Cup'!$BT37="",NA(),'2026 World Cup'!$BT37) -> #N/A | T5: ='2026 World Cup'!BS37 -> Belgium | U5: ='2026 World Cup'!BZ64 | V5: =IF('2026 World Cup'!$CA64="",NA(),'2026 World Cup'!$CA64) -> #N/A | W5: =IF('2026 World Cup'!$CA65="",NA(),'2026 World Cup'!$CA65) -> #N/A | X5: ='2026 World Cup'!BZ65
A6: Haiti | B6: 0 | C6: 1 | D6: Scotland | E6: Brazil | F6: 3 | G6: 0 | H6: Haiti | I6: Czech Republic | J6: 0 | K6: 3 | L6: Mexico | M6: ='2026 World Cup'!BL26 -> Portugal | N6: =IF('2026 World Cup'!$BM26="",NA(),'2026 World Cup'!$BM26) -> 2 | O6: =IF('2026 World Cup'!$BM27="",NA(),'2026 World Cup'!$BM27) -> 1 | P6: ='2026 World Cup'!BL27 -> Croatia | Q6: ='2026 World Cup'!BS44 -> Brazil | R6: =IF('2026 World Cup'!$BT44="",NA(),'2026 World Cup'!$BT44) -> 1 | S6: =IF('2026 World Cup'!$BT45="",NA(),'2026 World Cup'!$BT45) -> 2 | T6: ='2026 World Cup'!BS45 -> Norway
A7: Australia | B7: 2 | C7: 0 | D7: Turkey | E7: Scotland | F7: 0 | G7: 1 | H7: Morocco | I7: South Africa | J7: 1 | K7: 0 | L7: Korea Republic | M7: ='2026 World Cup'!BL30 -> Spain | N7: =IF('2026 World Cup'!$BM30="",NA(),'2026 World Cup'!$BM30) -> 3 | O7: =IF('2026 World Cup'!$BM31="",NA(),'2026 World Cup'!$BM31) -> 0 | P7: ='2026 World Cup'!BL31 -> Austria | Q7: ='2026 World Cup'!BS52 -> Mexico | R7: =IF('2026 World Cup'!$BT52="",NA(),'2026 World Cup'!$BT52) -> 2 | S7: =IF('2026 World Cup'!$BT53="",NA(),'2026 World Cup'!$BT53) -> 3 | T7: ='2026 World Cup'!BS53 -> England
A8: Brazil | B8: 1 | C8: 1 | D8: Morocco | E8: United States | F8: 2 | G8: 0 | H8: Australia | I8: Curaçao | J8: 0 | K8: 2 | L8: Ivory Coast | M8: ='2026 World Cup'!BL34 -> United States | N8: =IF('2026 World Cup'!$BM34="",NA(),'2026 World Cup'!$BM34) -> 2 | O8: =IF('2026 World Cup'!$BM35="",NA(),'2026 World Cup'!$BM35) -> 0 | P8: ='2026 World Cup'!BL35 -> Bosnia and Herzegovina | Q8: ='2026 World Cup'!BS60 -> Argentina | R8: =IF('2026 World Cup'!$BT60="",NA(),'2026 World Cup'!$BT60) -> #N/A | S8: =IF('2026 World Cup'!$BT61="",NA(),'2026 World Cup'!$BT61) -> #N/A | T8: ='2026 World Cup'!BS61 -> Egypt
A9: Qatar | B9: 1 | C9: 1 | D9: Switzerland | E9: Turkey | F9: 0 | G9: 1 | H9: Paraguay | I9: Ecuador | J9: 2 | K9: 1 | L9: Germany | M9: ='2026 World Cup'!BL38 -> Belgium | N9: =IF('2026 World Cup'!$BM38="",NA(),'2026 World Cup'!$BM38) -> 3 | O9: =IF('2026 World Cup'!$BM39="",NA(),'2026 World Cup'!$BM39) -> 2 | P9: ='2026 World Cup'!BL39 -> Senegal | Q9: ='2026 World Cup'!BS68 -> Switzerland | R9: =IF('2026 World Cup'!$BT68="",NA(),'2026 World Cup'!$BT68) -> #N/A | S9: =IF('2026 World Cup'!$BT69="",NA(),'2026 World Cup'!$BT69) -> #N/A | T9: ='2026 World Cup'!BS69 -> Colombia
A10: Ivory Coast | B10: 1 | C10: 0 | D10: Ecuador | E10: Germany | F10: 2 | G10: 1 | H10: Ivory Coast | I10: Japan | J10: 1 | K10: 1 | L10: Sweden | M10: ='2026 World Cup'!BL42 -> Brazil | N10: =IF('2026 World Cup'!$BM42="",NA(),'2026 World Cup'!$BM42) -> 2 | O10: =IF('2026 World Cup'!$BM43="",NA(),'2026 World Cup'!$BM43) -> 1 | P10: ='2026 World Cup'!BL43 -> Japan
A11: Germany | B11: 7 | C11: 1 | D11: Curaçao | E11: Ecuador | F11: 0 | G11: 0 | H11: Curaçao | I11: Tunisia | J11: 1 | K11: 3 | L11: Netherlands | M11: ='2026 World Cup'!BL46 -> Ivory Coast | N11: =IF('2026 World Cup'!$BM46="",NA(),'2026 World Cup'!$BM46) -> 1 | O11: =IF('2026 World Cup'!$BM47="",NA(),'2026 World Cup'!$BM47) -> 2 | P11: ='2026 World Cup'!BL47 -> Norway
A12: Netherlands | B12: 2 | C12: 2 | D12: Japan | E12: Netherlands | F12: 5 | G12: 1 | H12: Sweden | I12: Turkey | J12: 3 | K12: 2 | L12: United States | M12: ='2026 World Cup'!BL50 -> Mexico | N12: =IF('2026 World Cup'!$BM50="",NA(),'2026 World Cup'!$BM50) -> 2 | O12: =IF('2026 World Cup'!$BM51="",NA(),'2026 World Cup'!$BM51) -> 0 | P12: ='2026 World Cup'!BL51 -> Ecuador
A13: Sweden | B13: 5 | C13: 1 | D13: Tunisia | E13: Tunisia | F13: 0 | G13: 4 | H13: Japan | I13: Paraguay | J13: 0 | K13: 0 | L13: Australia | M13: ='2026 World Cup'!BL54 -> England | N13: =IF('2026 World Cup'!$BM54="",NA(),'2026 World Cup'!$BM54) -> 2 | O13: =IF('2026 World Cup'!$BM55="",NA(),'2026 World Cup'!$BM55) -> 1 | P13: ='2026 World Cup'!BL55 -> DR Congo
A14: Saudi Arabia | B14: 1 | C14: 1 | D14: Uruguay | E14: Uruguay | F14: 2 | G14: 2 | H14: Cape Verde | I14: Norway | J14: 1 | K14: 4 | L14: France | M14: ='2026 World Cup'!BL58 -> Argentina | N14: =IF('2026 World Cup'!$BM58="",NA(),'2026 World Cup'!$BM58) -> 3 | O14: =IF('2026 World Cup'!$BM59="",NA(),'2026 World Cup'!$BM59) -> 2 | P14: ='2026 World Cup'!BL59 -> Cape Verde
A15: Spain | B15: 0 | C15: 0 | D15: Cape Verde | E15: Spain | F15: 4 | G15: 0 | H15: Saudi Arabia | I15: Senegal | J15: 5 | K15: 0 | L15: Iraq | M15: ='2026 World Cup'!BL62 -> Australia | N15: =IF('2026 World Cup'!$BM62="",NA(),'2026 World Cup'!$BM62) -> 1 | O15: =IF('2026 World Cup'!$BM63="",NA(),'2026 World Cup'!$BM63) -> 2 | P15: ='2026 World Cup'!BL63 -> Egypt
A16: Iran | B16: 2 | C16: 2 | D16: New Zealand | E16: Belgium | F16: 0 | G16: 0 | H16: Iran | I16: Egypt | J16: 1 | K16: 1 | L16: Iran | M16: ='2026 World Cup'!BL66 -> Switzerland | N16: =IF('2026 World Cup'!$BM66="",NA(),'2026 World Cup'!$BM66) -> 2 | O16: =IF('2026 World Cup'!$BM67="",NA(),'2026 World Cup'!$BM67) -> 0 | P16: ='2026 World Cup'!BL67 -> Algeria
A17: Belgium | B17: 1 | C17: 1 | D17: Egypt | E17: New Zealand | F17: 1 | G17: 3 | H17: Egypt | I17: New Zealand | J17: 1 | K17: 5 | L17: Belgium | M17: ='2026 World Cup'!BL70 -> Colombia | N17: =IF('2026 World Cup'!$BM70="",NA(),'2026 World Cup'!$BM70) -> 1 | O17: =IF('2026 World Cup'!$BM71="",NA(),'2026 World Cup'!$BM71) -> 0 | P17: ='2026 World Cup'!BL71 -> Ghana
A18: France | B18: 3 | C18: 1 | D18: Senegal | E18: Norway | F18: 3 | G18: 2 | H18: Senegal | I18: Cape Verde | J18: 0 | K18: 0 | L18: Saudi Arabia
A19: Iraq | B19: 1 | C19: 4 | D19: Norway | E19: France | F19: 3 | G19: 0 | H19: Iraq | I19: Uruguay | J19: 0 | K19: 1 | L19: Spain
A20: Argentina | B20: 3 | C20: 0 | D20: Algeria | E20: Argentina | F20: 2 | G20: 0 | H20: Austria | I20: Panama | J20: 0 | K20: 2 | L20: England
A21: Austria | B21: 3 | C21: 1 | D21: Jordan | E21: Jordan | F21: 1 | G21: 2 | H21: Algeria | I21: Croatia | J21: 2 | K21: 1 | L21: Ghana
A22: Ghana | B22: 1 | C22: 0 | D22: Panama | E22: England | F22: 0 | G22: 0 | H22: Ghana | I22: Algeria | J22: 3 | K22: 3 | L22: Austria
A23: England | B23: 4 | C23: 2 | D23: Croatia | E23: Panama | F23: 0 | G23: 1 | H23: Croatia | I23: Jordan | J23: 1 | K23: 3 | L23: Argentina
A24: Portugal | B24: 1 | C24: 1 | D24: DR Congo | E24: Portugal | F24: 5 | G24: 0 | H24: Uzbekistan | I24: Colombia | J24: 0 | K24: 0 | L24: Portugal
A25: Uzbekistan | B25: 1 | C25: 3 | D25: Colombia | E25: Colombia | F25: 1 | G25: 0 | H25: DR Congo | I25: DR Congo | J25: 3 | K25: 1 | L25: Uzbekistan

Sheet 2026 World Cup
A1: {=INDEX(T,2,lang)} -> 2026 World Cup Final Tournament Schedule
O3: ="Language: " & Settings!C4 -> Language: English
A5: {=INDEX(T,3,lang)} -> Group Stage | J5: Home Page: www.excely.com
R6: Date + Time + GMT | V6: GF | W6: GA | Y6: GF | Z6: GA | AA6: =IF(Settings!C14="Yes",INT(MATCH(my_team,$AE$8:$AE$78,0)/6),-1) -> -1 | AD6: Place | AE6: Team | AF6: W | AG6: D | AH6: L | AI6: GF | AJ6: GA | AL6: F-A | AM6: F-A (norm) | AN6: Pnt | AO6: R1 | AP6: R2 | AQ6: FIFA | AR6: Rank | AT6: W | AU6: D | AV6: GF | AW6: GA | AX6: F-A | AY6: F-A (norm) | AZ6: Rank | BA6: R (norm) | BB6: W | BC6: D | BD6: GF | BE6: GA | BF6: F-A | BG6: F-A (norm) | BH6: Rank | BI6: R (norm) | BK6: Round of 32 | BR6: {=INDEX(T,4,lang)} -> Round of 16 | BY6: {=INDEX(T,5,lang)} -> Quarterfinals | CF6: {=INDEX(T,6,lang)} -> Semi-Finals
A7: 1 | B7: {=INDEX(T,18+INT(MOD(R7-1,7)),lang)} -> Thu | C7: {=INDEX(T,24+MONTH(R7),lang) & " " & DAY(R7) & ", " & YEAR(R7)} -> Jun 11, 2026 | D7: =TIME(HOUR(R7),MINUTE(R7),0) -> 0.79166667 | E7: =AE8 -> Mexico | F7: 2 | G7: 0 | H7: =AE9 -> South Africa | R7: =DATE(2026,6,11)+TIME(8,0,0)+gmt_delta -> 46184.792 | S7: =IF(OR(F7="",G7=""),"",IF(F7>G7,E7&"_win",IF(F7<G7,E7&"_lose",E7&"_draw"))) -> Mexico_win | T7: =IF(S7="","",IF(F7<G7,H7&"_win",IF(F7>G7,H7&"_lose",H7&"_draw"))) -> South Africa_lose | U7: =IF(S7="",0,IF(VLOOKUP(E7,$AE$8:$AN$77,10,FALSE)=VLOOKUP(H7,$AE$8:$AN$77,10,FALSE),1,0)) -> 0 | V7: =U7*F7 -> 0 | W7: =U7*G7 -> 0 | X7: =IF(S7="",0,IF(VLOOKUP(E7,$AE$8:$AO$77,11,FALSE)=VLOOKUP(H7,$AE$8:$AO$77,11,FALSE),1,0)) -> 0 | Y7: =X7*F7 -> 0 | Z7: =X7*G7 -> 0 | AA7: =IF(OR(E7=my_team,H7=my_team),1,IF(INT(MATCH(E7,$AE$8:$AE$78,0)/6)=$AA$6,1,0)) -> 0 | AB7: =IF(OR(F7="",G7=""),"",IF(F7>G7,1,IF(F7<G7,-1,0))) -> 1
A8: 2 | B8: {=INDEX(T,18+INT(MOD(R8-1,7)),lang)} -> Fri | C8: {=INDEX(T,24+MONTH(R8),lang) & " " & DAY(R8) & ", " & YEAR(R8)} -> Jun 12, 2026 | D8: =TIME(HOUR(R8),MINUTE(R8),0) -> 0.083333333 | E8: =AE10 -> Korea Republic | F8: 2 | G8: 1 | H8: =AE11 -> Czech Republic | J8: {=INDEX(T,9,lang) & " " & "A"} -> Group A | K8: {=INDEX(T,10,lang)} -> PL | L8: {=INDEX(T,11,lang)} -> W | M8: {=INDEX(T,12,lang)} -> DRAW | N8: {=INDEX(T,13,lang)} -> L | O8: {=INDEX(T,14,lang)} -> GF - GA | P8: {=INDEX(T,15,lang)} -> PNT | R8: =DATE(2026,6,11)+TIME(15,0,0)+gmt_delta -> 46185.083 | S8: =IF(OR(F8="",G8=""),"",IF(F8>G8,E8&"_win",IF(F8<G8,E8&"_lose",E8&"_draw"))) -> Korea Republic_win | T8: =IF(S8="","",IF(F8<G8,H8&"_win",IF(F8>G8,H8&"_lose",H8&"_draw"))) -> Czech Republic_lose | U8: =IF(S8="",0,IF(VLOOKUP(E8,$AE$8:$AN$77,10,FALSE)=VLOOKUP(H8,$AE$8:$AN$77,10,FALSE),1,0)) -> 0 | V8: =U8*F8 -> 0 | W8: =U8*G8 -> 0 | X8: =IF(S8="",0,IF(VLOOKUP(E8,$AE$8:$AO$77,11,FALSE)=VLOOKUP(H8,$AE$8:$AO$77,11,FALSE),1,0)) -> 0 | Y8: =X8*F8 -> 0 | Z8: =X8*G8 -> 0 | AA8: =IF(OR(E8=my_team,H8=my_team),1,IF(INT(MATCH(E8,$AE$8:$AE$78,0)/6)=$AA$6,1,0)) -> 0 | AB8: =IF(OR(F8="",G8=""),"",IF(F8>G8,1,IF(F8<G8,-1,0))) -> 1 | AD8: =COUNTIF(AR8:AR11,CONCATENATE(">=",AR8)) -> 1 | AE8: =VLOOKUP("Mexico",T,lang,FALSE) -> Mexico | AF8: =COUNTIF($S$7:$T$78,"=" & AE8 & "_win") -> 3 | AG8: =COUNTIF($S$7:$T$78,"=" & AE8 & "_draw") -> 0 | AH8: =COUNTIF($S$7:$T$78,"=" & AE8 & "_lose") -> 0 | AI8: =SUMIF($E$7:$E$78,$AE8,$F$7:$F$78) + SUMIF($H$7:$H$78,$AE8,$G$7:$G$78) -> 6 | AJ8: =SUMIF($E$7:$E$78,$AE8,$G$7:$G$78) + SUMIF($H$7:$H$78,$AE8,$F$7:$F$78) -> 0 | AL8: =AI8-AJ8 -> 6 | AM8: =AL8-AL12 -> 10 | AN8: =AF8*3+AG8 -> 9 | AO8: =AN8/AN12*10+BA8 -> 9 | AP8: =AO8*10000000+BI8*100+AM8/AM12*10+AI8/AI12*1++IF(AQ8=0,ROW(),AQ8)/2000000 -> 90000010 | AQ8: =VLOOKUP(AE8,db_fifarank,2,FALSE) -> 1681.03 | AR8: =AP8/AP12 -> 0.99999999 | AS8: =IF(SUM(AF8:AH11)=12,J9,"1A") -> Mexico | AT8: {=SUMPRODUCT(($S$7:$S$78=AE8&"_win")*($U$7:$U$78))+SUMPRODUCT(($T$7:$T$78=AE8&"_win")*($U$7:$U$78))} -> 0 | AU8: {=SUMPRODUCT(($S$7:$S$78=AE8&"_draw")*($U$7:$U$78))+SUMPRODUCT(($T$7:$T$78=AE8&"_draw")*($U$7:$U$78))} -> 0 | AV8: {=SUMPRODUCT(($E$7:$E$78=AE8)*($U$7:$U$78)*($F$7:$F$78))+SUMPRODUCT(($H$7:$H$78=AE8)*($U$7:$U$78)*($G$7:$G$78))} -> 0 | AW8: {=SUMPRODUCT(($E$7:$E$78=AE8)*($U$7:$U$78)*($G$7:$G$78))+SUMPRODUCT(($H$7:$H$78=AE8)*($U$7:$U$78)*($F$7:$F$78))} -> 0 | AX8: =AV8-AW8 -> 0 | AY8: =AX8-MIN(AX8:AX11) -> 0 | AZ8: =AT8/AT12*1000+AU8/AU12*100+AY8/AY12*10+AV8/AV12 -> 0 | BA8: =AZ8/AZ12 -> 0 | BB8: {=SUMPRODUCT(($S$7:$S$78=AE8&"_win")*($X$7:$X$78))+SUMPRODUCT(($T$7:$T$78=AE8&"_win")*($X$7:$X$78))} -> 0 | BC8: {=SUMPRODUCT(($S$7:$S$78=AE8&"_draw")*($X$7:$X$78))+SUMPRODUCT(($T$7:$T$78=AE8&"_draw")*($X$7:$X$78))} -> 0 | BD8: {=SUMPRODUCT(($E$7:$E$78=AE8)*($X$7:$X$78)*($F$7:$F$78))+SUMPRODUCT(($H$7:$H$78=AE8)*($X$7:$X$78)*($G$7:$G$78))} -> 0 | BE8: {=SUMPRODUCT(($E$7:$E$78=AE8)*($X$7:$X$78)*($G$7:$G$78))+SUMPRODUCT(($H$7:$H$78=AE8)*($X$7:$X$78)*($F$7:$F$78))} -> 0 | BF8: =BD8-BE8 -> 0 | BG8: =BF8-MIN(BF8:BF11) -> 0 | BH8: =BB8/BB12*1000+BC8/BC12*100+BG8/BG12*10+BD8/BD12 -> 0 | BI8: =BH8/BH12 -> 0
A9: 3 | B9: {=INDEX(T,18+INT(MOD(R9-1,7)),lang)} -> Fri | C9: {=INDEX(T,24+MONTH(R9),lang) & " " & DAY(R9) & ", " & YEAR(R9)} -> Jun 12, 2026 | D9: =TIME(HOUR(R9),MINUTE(R9),0) -> 0.79166667 | E9: =AE14 -> Canada | F9: 1 | G9: 1 | H9: =AE15 -> Bosnia and Herzegovina | J9: =VLOOKUP(1,AD8:AN11,2,FALSE) -> Mexico | K9: =L9+M9+N9 -> 3 | L9: =VLOOKUP(1,AD8:AN11,3,FALSE) -> 3 | M9: =VLOOKUP(1,AD8:AN11,4,FALSE) -> 0 | N9: =VLOOKUP(1,AD8:AN11,5,FALSE) -> 0 | O9: =VLOOKUP(1,AD8:AN11,6,FALSE) & " - " & VLOOKUP(1,AD8:AN11,7,FALSE) -> 6 - 0 | P9: =L9*3+M9 -> 9 | R9: =DATE(2026,6,12)+TIME(8,0,0)+gmt_delta -> 46185.792 | S9: =IF(OR(F9="",G9=""),"",IF(F9>G9,E9&"_win",IF(F9<G9,E9&"_lose",E9&"_draw"))) -> Canada_draw | T9: =IF(S9="","",IF(F9<G9,H9&"_win",IF(F9>G9,H9&"_lose",H9&"_draw"))) -> Bosnia and Herzegovina_draw | U9: =IF(S9="",0,IF(VLOOKUP(E9,$AE$8:$AN$77,10,FALSE)=VLOOKUP(H9,$AE$8:$AN$77,10,FALSE),1,0)) -> 1 | V9: =U9*F9 -> 1 | W9: =U9*G9 -> 1 | X9: =IF(S9="",0,IF(VLOOKUP(E9,$AE$8:$AO$77,11,FALSE)=VLOOKUP(H9,$AE$8:$AO$77,11,FALSE),1,0)) -> 1 | Y9: =X9*F9 -> 1 | Z9: =X9*G9 -> 1 | AA9: =IF(OR(E9=my_team,H9=my_team),1,IF(INT(MATCH(E9,$AE$8:$AE$78,0)/6)=$AA$6,1,0)) -> 0 | AB9: =IF(OR(F9="",G9=""),"",IF(F9>G9,1,IF(F9<G9,-1,0))) -> 0 | AD9: =COUNTIF(AR8:AR11,CONCATENATE(">=",AR9)) -> 2 | AE9: =VLOOKUP("South Africa",T,lang,FALSE) -> South Africa | AF9: =COUNTIF($S$7:$T$78,"=" & AE9 & "_win") -> 1 | AG9: =COUNTIF($S$7:$T$78,"=" & AE9 & "_draw") -> 1 | AH9: =COUNTIF($S$7:$T$78,"=" & AE9 & "_lose") -> 1 | AI9: =SUMIF($E$7:$E$78,$AE9,$F$7:$F$78) + SUMIF($H$7:$H$78,$AE9,$G$7:$G$78) -> 2 | AJ9: =SUMIF($E$7:$E$78,$AE9,$G$7:$G$78) + SUMIF($H$7:$H$78,$AE9,$F$7:$F$78) -> 3 | AL9: =AI9-AJ9 -> -1 | AM9: =AL9-AL12 -> 3 | AN9: =AF9*3+AG9 -> 4 | AO9: =AN9/AN12*10+BA9 -> 4 | AP9: =AO9*10000000+BI9*100+AM9/AM12*10+AI9/AI12*1++IF(AQ9=0,ROW(),AQ9)/2000000 -> 40000003 | AQ9: =VLOOKUP(AE9,db_fifarank,2,FALSE) -> 1429.73 | AR9: =AP9/AP12 -> 0.44444442 | AS9: =IF(SUM(AF8:AH11)=12,J10,"2A") -> South Africa | AT9: {=SUMPRODUCT(($S$7:$S$78=AE9&"_win")*($U$7:$U$78))+SUMPRODUCT(($T$7:$T$78=AE9&"_win")*($U$7:$U$78))} -> 0 | AU9: {=SUMPRODUCT(($S$7:$S$78=AE9&"_draw")*($U$7:$U$78))+SUMPRODUCT(($T$7:$T$78=AE9&"_draw")*($U$7:$U$78))} -> 0 | AV9: {=SUMPRODUCT(($E$7:$E$78=AE9)*($U$7:$U$78)*($F$7:$F$78))+SUMPRODUCT(($H$7:$H$78=AE9)*($U$7:$U$78)*($G$7:$G$78))} -> 0 | AW9: {=SUMPRODUCT(($E$7:$E$78=AE9)*($U$7:$U$78)*($G$7:$G$78))+SUMPRODUCT(($H$7:$H$78=AE9)*($U$7:$U$78)*($F$7:$F$78))} -> 0 | AX9: =AV9-AW9 -> 0 | AY9: =AX9-MIN(AX8:AX11) -> 0 | AZ9: =AT9/AT12*1000+AU9/AU12*100+AY9/AY12*10+AV9/AV12 -> 0 | BA9: =AZ9/AZ12 -> 0 | BB9: {=SUMPRODUCT(($S$7:$S$78=AE9&"_win")*($X$7:$X$78))+SUMPRODUCT(($T$7:$T$78=AE9&"_win")*($X$7:$X$78))} -> 0 | BC9: {=SUMPRODUCT(($S$7:$S$78=AE9&"_draw")*($X$7:$X$78))+SUMPRODUCT(($T$7:$T$78=AE9&"_draw")*($X$7:$X$78))} -> 0 | BD9: {=SUMPRODUCT(($E$7:$E$78=AE9)*($X$7:$X$78)*($F$7:$F$78))+SUMPRODUCT(($H$7:$H$78=AE9)*($X$7:$X$78)*($G$7:$G$78))} -> 0 | BE9: {=SUMPRODUCT(($E$7:$E$78=AE9)*($X$7:$X$78)*($G$7:$G$78))+SUMPRODUCT(($H$7:$H$78=AE9)*($X$7:$X$78)*($F$7:$F$78))} -> 0 | BF9: =BD9-BE9 -> 0 | BG9: =BF9-MIN(BF8:BF11) -> 0 | BH9: =BB9/BB12*1000+BC9/BC12*100+BG9/BG12*10+BD9/BD12 -> 0 | BI9: =BH9/BH12 -> 0 | BK9: {=INDEX(T,24+MONTH(BP9),lang) & " " & DAY(BP9) & ", " & YEAR(BP9) & " " & (IF(HOUR(BP9)<10,0,"")&HOUR(BP9)) & ":" & (IF(MINUTE(BP9)<10,0,"")&MINUTE(BP9))} -> Jun 29, 2026 20:30 | BP9: =DATE(2026,6,29)+TIME(9,30,0)+gmt_delta -> 46202.854
A10: 4 | B10: {=INDEX(T,18+INT(MOD(R10-1,7)),lang)} -> Sat | C10: {=INDEX(T,24+MONTH(R10),lang) & " " & DAY(R10) & ", " & YEAR(R10)} -> Jun 13, 2026 | D10: =TIME(HOUR(R10),MINUTE(R10),0) -> 0.041666667 | E10: =AE26 -> United States | F10: 4 | G10: 1 | H10: =AE27 -> Paraguay | J10: =VLOOKUP(2,AD8:AN11,2,FALSE) -> South Africa | K10: =L10+M10+N10 -> 3 | L10: =VLOOKUP(2,AD8:AN11,3,FALSE) -> 1 | M10: =VLOOKUP(2,AD8:AN11,4,FALSE) -> 1 | N10: =VLOOKUP(2,AD8:AN11,5,FALSE) -> 1 | O10: =VLOOKUP(2,AD8:AN11,6,FALSE) & " - " & VLOOKUP(2,AD8:AN11,7,FALSE) -> 2 - 3 | P10: =L10*3+M10 -> 4 | R10: =DATE(2026,6,12)+TIME(14,0,0)+gmt_delta -> 46186.042 | S10: =IF(OR(F10="",G10=""),"",IF(F10>G10,E10&"_win",IF(F10<G10,E10&"_lose",E10&"_draw"))) -> United States_win | T10: =IF(S10="","",IF(F10<G10,H10&"_win",IF(F10>G10,H10&"_lose",H10&"_draw"))) -> Paraguay_lose | U10: =IF(S10="",0,IF(VLOOKUP(E10,$AE$8:$AN$77,10,FALSE)=VLOOKUP(H10,$AE$8:$AN$77,10,FALSE),1,0)) -> 0 | V10: =U10*F10 -> 0 | W10: =U10*G10 -> 0 | X10: =IF(S10="",0,IF(VLOOKUP(E10,$AE$8:$AO$77,11,FALSE)=VLOOKUP(H10,$AE$8:$AO$77,11,FALSE),1,0)) -> 0 | Y10: =X10*F10 -> 0 | Z10: =X10*G10 -> 0 | AA10: =IF(OR(E10=my_team,H10=my_team),1,IF(INT(MATCH(E10,$AE$8:$AE$78,0)/6)=$AA$6,1,0)) -> 0 | AB10: =IF(OR(F10="",G10=""),"",IF(F10>G10,1,IF(F10<G10,-1,0))) -> 1 | AD10: =COUNTIF(AR8:AR11,CONCATENATE(">=",AR10)) -> 3 | AE10: =VLOOKUP("Korea Republic",T,lang,FALSE) -> Korea Republic | AF10: =COUNTIF($S$7:$T$78,"=" & AE10 & "_win") -> 1 | AG10: =COUNTIF($S$7:$T$78,"=" & AE10 & "_draw") -> 0 | AH10: =COUNTIF($S$7:$T$78,"=" & AE10 & "_lose") -> 2 | AI10: =SUMIF($E$7:$E$78,$AE10,$F$7:$F$78) + SUMIF($H$7:$H$78,$AE10,$G$7:$G$78) -> 2 | AJ10: =SUMIF($E$7:$E$78,$AE10,$G$7:$G$78) + SUMIF($H$7:$H$78,$AE10,$F$7:$F$78) -> 3 | AL10: =AI10-AJ10 -> -1 | AM10: =AL10-AL12 -> 3 | AN10: =AF10*3+AG10 -> 3 | AO10: =AN10/AN12*10+BA10 -> 3 | AP10: =AO10*10000000+BI10*100+AM10/AM12*10+AI10/AI12*1++IF(AQ10=0,ROW(),AQ10)/2000000 -> 30000003 | AQ10: =VLOOKUP(AE10,db_fifarank,2,FALSE) -> 1588.66 | AR10: =AP10/AP12 -> 0.33333333 | AT10: {=SUMPRODUCT(($S$7:$S$78=AE10&"_win")*($U$7:$U$78))+SUMPRODUCT(($T$7:$T$78=AE10&"_win")*($U$7:$U$78))} -> 0 | AU10: {=SUMPRODUCT(($S$7:$S$78=AE10&"_draw")*($U$7:$U$78))+SUMPRODUCT(($T$7:$T$78=AE10&"_draw")*($U$7:$U$78))} -> 0 | AV10: {=SUMPRODUCT(($E$7:$E$78=AE10)*($U$7:$U$78)*($F$7:$F$78))+SUMPRODUCT(($H$7:$H$78=AE10)*($U$7:$U$78)*($G$7:$G$78))} -> 0 | AW10: {=SUMPRODUCT(($E$7:$E$78=AE10)*($U$7:$U$78)*($G$7:$G$78))+SUMPRODUCT(($H$7:$H$78=AE10)*($U$7:$U$78)*($F$7:$F$78))} -> 0 | AX10: =AV10-AW10 -> 0 | AY10: =AX10-MIN(AX8:AX11) -> 0 | AZ10: =AT10/AT12*1000+AU10/AU12*100+AY10/AY12*10+AV10/AV12 -> 0 | BA10: =AZ10/AZ12 -> 0 | BB10: {=SUMPRODUCT(($S$7:$S$78=AE10&"_win")*($X$7:$X$78))+SUMPRODUCT(($T$7:$T$78=AE10&"_win")*($X$7:$X$78))} -> 0 | BC10: {=SUMPRODUCT(($S$7:$S$78=AE10&"_draw")*($X$7:$X$78))+SUMPRODUCT(($T$7:$T$78=AE10&"_draw")*($X$7:$X$78))} -> 0 | BD10: {=SUMPRODUCT(($E$7:$E$78=AE10)*($X$7:$X$78)*($F$7:$F$78))+SUMPRODUCT(($H$7:$H$78=AE10)*($X$7:$X$78)*($G$7:$G$78))} -> 0 | BE10: {=SUMPRODUCT(($E$7:$E$78=AE10)*($X$7:$X$78)*($G$7:$G$78))+SUMPRODUCT(($H$7:$H$78=AE10)*($X$7:$X$78)*($F$7:$F$78))} -> 0 | BF10: =BD10-BE10 -> 0 | BG10: =BF10-MIN(BF8:BF11) -> 0 | BH10: =BB10/BB12*1000+BC10/BC12*100+BG10/BG12*10+BD10/BD12 -> 0 | BI10: =BH10/BH12 -> 0 | BK10: 74 | BL10: =AS32 -> Germany | BM10: 1 | BP10: =IF(OR(BM10="",BM11="",AND(BN10="",BN11<>""),AND(BN11="",BN10<>""),AND(BO10="",BO11<>""),AND(BO11="",BO10<>"")),"",BM10*1000+BN10*10+BO10) -> 1000
A11: 5 | B11: {=INDEX(T,18+INT(MOD(R11-1,7)),lang)} -> Sun | C11: {=INDEX(T,24+MONTH(R11),lang) & " " & DAY(R11) & ", " & YEAR(R11)} -> Jun 14, 2026 | D11: =TIME(HOUR(R11),MINUTE(R11),0) -> 0.041666667 | E11: =AE22 -> Haiti | F11: 0 | G11: 1 | H11: =AE23 -> Scotland | J11: =VLOOKUP(3,AD8:AN11,2,FALSE) -> Korea Republic | K11: =L11+M11+N11 -> 3 | L11: =VLOOKUP(3,AD8:AN11,3,FALSE) -> 1 | M11: =VLOOKUP(3,AD8:AN11,4,FALSE) -> 0 | N11: =VLOOKUP(3,AD8:AN11,5,FALSE) -> 2 | O11: =VLOOKUP(3,AD8:AN11,6,FALSE) & " - " & VLOOKUP(3,AD8:AN11,7,FALSE) -> 2 - 3 | P11: =L11*3+M11 -> 3 | R11: =DATE(2026,6,13)+TIME(14,0,0)+gmt_delta -> 46187.042 | S11: =IF(OR(F11="",G11=""),"",IF(F11>G11,E11&"_win",IF(F11<G11,E11&"_lose",E11&"_draw"))) -> Haiti_lose | T11: =IF(S11="","",IF(F11<G11,H11&"_win",IF(F11>G11,H11&"_lose",H11&"_draw"))) -> Scotland_win | U11: =IF(S11="",0,IF(VLOOKUP(E11,$AE$8:$AN$77,10,FALSE)=VLOOKUP(H11,$AE$8:$AN$77,10,FALSE),1,0)) -> 0 | V11: =U11*F11 -> 0 | W11: =U11*G11 -> 0 | X11: =IF(S11="",0,IF(VLOOKUP(E11,$AE$8:$AO$77,11,FALSE)=VLOOKUP(H11,$AE$8:$AO$77,11,FALSE),1,0)) -> 0 | Y11: =X11*F11 -> 0 | Z11: =X11*G11 -> 0 | AA11: =IF(OR(E11=my_team,H11=my_team),1,IF(INT(MATCH(E11,$AE$8:$AE$78,0)/6)=$AA$6,1,0)) -> 0 | AB11: =IF(OR(F11="",G11=""),"",IF(F11>G11,1,IF(F11<G11,-1,0))) -> -1 | AD11: =COUNTIF(AR8:AR11,CONCATENATE(">=",AR11)) -> 4 | AE11: =VLOOKUP("Czech Republic",T,lang,FALSE) -> Czech Republic | AF11: =COUNTIF($S$7:$T$78,"=" & AE11 & "_win") -> 0 | AG11: =COUNTIF($S$7:$T$78,"=" & AE11 & "_draw") -> 1 | AH11: =COUNTIF($S$7:$T$78,"=" & AE11 & "_lose") -> 2 | AI11: =SUMIF($E$7:$E$78,$AE11,$F$7:$F$78) + SUMIF($H$7:$H$78,$AE11,$G$7:$G$78) -> 2 | AJ11: =SUMIF($E$7:$E$78,$AE11,$G$7:$G$78) + SUMIF($H$7:$H$78,$AE11,$F$7:$F$78) -> 6 | AL11: =AI11-AJ11 -> -4 | AM11: =AL11-AL12 -> 0 | AN11: =AF11*3+AG11 -> 1 | AO11: =AN11/AN12*10+BA11 -> 1 | AP11: =AO11*10000000+BI11*100+AM11/AM12*10+AI11/AI12*1++IF(AQ11=0,ROW(),AQ11)/2000000 -> 10000000 | AQ11: =VLOOKUP(AE11,db_fifarank,2,FALSE) -> 1501.38 | AR11: =AP11/AP12 -> 0.1111111 | AT11: {=SUMPRODUCT(($S$7:$S$78=AE11&"_win")*($U$7:$U$78))+SUMPRODUCT(($T$7:$T$78=AE11&"_win")*($U$7:$U$78))} -> 0 | AU11: {=SUMPRODUCT(($S$7:$S$78=AE11&"_draw")*($U$7:$U$78))+SUMPRODUCT(($T$7:$T$78=AE11&"_draw")*($U$7:$U$78))} -> 0 | AV11: {=SUMPRODUCT(($E$7:$E$78=AE11)*($U$7:$U$78)*($F$7:$F$78))+SUMPRODUCT(($H$7:$H$78=AE11)*($U$7:$U$78)*($G$7:$G$78))} -> 0 | AW11: {=SUMPRODUCT(($E$7:$E$78=AE11)*($U$7:$U$78)*($G$7:$G$78))+SUMPRODUCT(($H$7:$H$78=AE11)*($U$7:$U$78)*($F$7:$F$78))} -> 0 | AX11: =AV11-AW11 -> 0 | AY11: =AX11-MIN(AX8:AX11) -> 0 | AZ11: =AT11/AT12*1000+AU11/AU12*100+AY11/AY12*10+AV11/AV12 -> 0 | BA11: =AZ11/AZ12 -> 0 | BB11: {=SUMPRODUCT(($S$7:$S$78=AE11&"_win")*($X$7:$X$78))+SUMPRODUCT(($T$7:$T$78=AE11&"_win")*($X$7:$X$78))} -> 0 | BC11: {=SUMPRODUCT(($S$7:$S$78=AE11&"_draw")*($X$7:$X$78))+SUMPRODUCT(($T$7:$T$78=AE11&"_draw")*($X$7:$X$78))} -> 0 | BD11: {=SUMPRODUCT(($E$7:$E$78=AE11)*($X$7:$X$78)*($F$7:$F$78))+SUMPRODUCT(($H$7:$H$78=AE11)*($X$7:$X$78)*($G$7:$G$78))} -> 0 | BE11: {=SUMPRODUCT(($E$7:$E$78=AE11)*($X$7:$X$78)*($G$7:$G$78))+SUMPRODUCT(($H$7:$H$78=AE11)*($X$7:$X$78)*($F$7:$F$78))} -> 0 | BF11: =BD11-BE11 -> 0 | BG11: =BF11-MIN(BF8:BF11) -> 0 | BH11: =BB11/BB12*1000+BC11/BC12*100+BG11/BG12*10+BD11/BD12 -> 0 | BI11: =BH11/BH12 -> 0 | BL11: =IF(group_round_completed,VLOOKUP('3rd places'!G3,AK80:AS91,9,FALSE),"3rd Group A/B/C/D/F") -> Paraguay | BM11: 2 | BP11: =IF(BP10="","",BM11*1000+BN11*10+BO11) -> 2000 | BR11: {=INDEX(T,24+MONTH(BW11),lang) & " " & DAY(BW11) & ", " & YEAR(BW11) & " " & (IF(HOUR(BW11)<10,0,"")&HOUR(BW11)) & ":" & (IF(MINUTE(BW11)<10,0,"")&MINUTE(BW11))} -> Jul 4, 2026 21:00 | BW11: =DATE(2026,7,4)+TIME(10,0,0)+gmt_delta -> 46207.875
A12: 6 | B12: {=INDEX(T,18+INT(MOD(R12-1,7)),lang)} -> Sun | C12: {=INDEX(T,24+MONTH(R12),lang) & " " & DAY(R12) & ", " & YEAR(R12)} -> Jun 14, 2026 | D12: =TIME(HOUR(R12),MINUTE(R12),0) -> 0.16666667 | E12: =AE28 -> Australia | F12: 2 | G12: 0 | H12: =AE29 -> Turkey | J12: =VLOOKUP(4,AD8:AN11,2,FALSE) -> Czech Republic | K12: =L12+M12+N12 -> 3 | L12: =VLOOKUP(4,AD8:AN11,3,FALSE) -> 0 | M12: =VLOOKUP(4,AD8:AN11,4,FALSE) -> 1 | N12: =VLOOKUP(4,AD8:AN11,5,FALSE) -> 2 | O12: =VLOOKUP(4,AD8:AN11,6,FALSE) & " - " & VLOOKUP(4,AD8:AN11,7,FALSE) -> 2 - 6 | P12: =L12*3+M12 -> 1 | R12: =DATE(2026,6,13)+TIME(17,0,0)+gmt_delta -> 46187.167 | S12: =IF(OR(F12="",G12=""),"",IF(F12>G12,E12&"_win",IF(F12<G12,E12&"_lose",E12&"_draw"))) -> Australia_win | T12: =IF(S12="","",IF(F12<G12,H12&"_win",IF(F12>G12,H12&"_lose",H12&"_draw"))) -> Turkey_lose | U12: =IF(S12="",0,IF(VLOOKUP(E12,$AE$8:$AN$77,10,FALSE)=VLOOKUP(H12,$AE$8:$AN$77,10,FALSE),1,0)) -> 0 | V12: =U12*F12 -> 0 | W12: =U12*G12 -> 0 | X12: =IF(S12="",0,IF(VLOOKUP(E12,$AE$8:$AO$77,11,FALSE)=VLOOKUP(H12,$AE$8:$AO$77,11,FALSE),1,0)) -> 0 | Y12: =X12*F12 -> 0 | Z12: =X12*G12 -> 0 | AA12: =IF(OR(E12=my_team,H12=my_team),1,IF(INT(MATCH(E12,$AE$8:$AE$78,0)/6)=$AA$6,1,0)) -> 0 | AB12: =IF(OR(F12="",G12=""),"",IF(F12>G12,1,IF(F12<G12,-1,0))) -> 1 | AF12: =MAX(AF8:AF11)-MIN(AF8:AF11)+1 -> 4 | AG12: =MAX(AG8:AG11)-MIN(AG8:AG11)+1 -> 2 | AH12: =MAX(AH8:AH11)-MIN(AH8:AH11)+1 -> 3 | AI12: =MAX(AI8:AI11)+1 -> 7 | AL12: =MIN(AL8:AL11) -> -4 | AM12: =MAX(AM8:AM11)+1 -> 11 | AN12: =MAX(AN8:AN11)+1 -> 10 | AO12: =MAX(AO8:AO11)+1 -> 10 | AP12: =MAX(AP8:AP11)+1 -> 90000011 | AT12: =MAX(AT8:AT11)-MIN(AT8:AT11)+1 -> 1 | AU12: =MAX(AU8:AU11)-MIN(AU8:AU11)+1 -> 1 | AV12: =MAX(AV8:AV11)-MIN(AV8:AV11)+1 -> 1 | AW12: =MAX(AW8:AW11)-MIN(AW8:AW11)+1 -> 1 | AY12: =MAX(AY8:AY11)-MIN(AY8:AY11)+1 -> 1 | AZ12: =MAX(AZ8:AZ11)+1 -> 1 | BB12: =MAX(BB8:BB11)-MIN(BB8:BB11)+1 -> 1 | BC12: =MAX(BC8:BC11)-MIN(BC8:BC11)+1 -> 1 | BD12: =MAX(BD8:BD11)-MIN(BD8:BD11)+1 -> 1 | BE12: =MAX(BE8:BE11)-MIN(BE8:BE11)+1 -> 1 | BG12: =MAX(BG8:BG11)-MIN(BG8:BG11)+1 -> 1 | BH12: =MAX(BH8:BH11)+1 -> 1 | BR12: 89 | BS12: =IF(BP10>BP11,BL10,IF(BP10<BP11,BL11,"")) -> Paraguay | BT12: 0 | BW12: =IF(OR(BT12="",BT13="",AND(BU12="",BU13<>""),AND(BU13="",BU12<>""),AND(BV12="",BV13<>""),AND(BV13="",BV12<>"")),"",BT12*1000+BU12*10+BV12) -> 0
A13: 7 | B13: {=INDEX(T,18+INT(MOD(R13-1,7)),lang)} -> Sat | C13: {=INDEX(T,24+MONTH(R13),lang) & " " & DAY(R13) & ", " & YEAR(R13)} -> Jun 13, 2026 | D13: =TIME(HOUR(R13),MINUTE(R13),0) -> 0.91666667 | E13: =AE20 -> Brazil | F13: 1 | G13: 1 | H13: =AE21 -> Morocco | R13: =DATE(2026,6,13)+TIME(11,0,0)+gmt_delta -> 46186.917 | S13: =IF(OR(F13="",G13=""),"",IF(F13>G13,E13&"_win",IF(F13<G13,E13&"_lose",E13&"_draw"))) -> Brazil_draw | T13: =IF(S13="","",IF(F13<G13,H13&"_win",IF(F13>G13,H13&"_lose",H13&"_draw"))) -> Morocco_draw | U13: =IF(S13="",0,IF(VLOOKUP(E13,$AE$8:$AN$77,10,FALSE)=VLOOKUP(H13,$AE$8:$AN$77,10,FALSE),1,0)) -> 1 | V13: =U13*F13 -> 1 | W13: =U13*G13 -> 1 | X13: =IF(S13="",0,IF(VLOOKUP(E13,$AE$8:$AO$77,11,FALSE)=VLOOKUP(H13,$AE$8:$AO$77,11,FALSE),1,0)) -> 1 | Y13: =X13*F13 -> 1 | Z13: =X13*G13 -> 1 | AA13: =IF(OR(E13=my_team,H13=my_team),1,IF(INT(MATCH(E13,$AE$8:$AE$78,0)/6)=$AA$6,1,0)) -> 0 | AB13: =IF(OR(F13="",G13=""),"",IF(F13>G13,1,IF(F13<G13,-1,0))) -> 0 | BK13: {=INDEX(T,24+MONTH(BP13),lang) & " " & DAY(BP13) & ", " & YEAR(BP13) & " " & (IF(HOUR(BP13)<10,0,"")&HOUR(BP13)) & ":" & (IF(MINUTE(BP13)<10,0,"")&MINUTE(BP13))} -> Jun 30, 2026 21:00 | BP13: =DATE(2026,6,30)+TIME(10,0,0)+gmt_delta -> 46203.875 | BS13: =IF(BP14>BP15,BL14,IF(BP14<BP15,BL15,"")) -> France | BT13: 1 | BW13: =IF(BW12="","",BT13*1000+BU13*10+BV13) -> 1000
A14: 8 | B14: {=INDEX(T,18+INT(MOD(R14-1,7)),lang)} -> Sat | C14: {=INDEX(T,24+MONTH(R14),lang) & " " & DAY(R14) & ", " & YEAR(R14)} -> Jun 13, 2026 | D14: =TIME(HOUR(R14),MINUTE(R14),0) -> 0.79166667 | E14: =AE16 -> Qatar | F14: 1 | G14: 1 | H14: =AE17 -> Switzerland | J14: {=INDEX(T,9,lang) & " " & "B"} -> Group B | K14: {=INDEX(T,10,lang)} -> PL | L14: {=INDEX(T,11,lang)} -> W | M14: {=INDEX(T,12,lang)} -> DRAW | N14: {=INDEX(T,13,lang)} -> L | O14: {=INDEX(T,14,lang)} -> GF - GA | P14: {=INDEX(T,15,lang)} -> PNT | R14: =DATE(2026,6,13)+TIME(8,0,0)+gmt_delta -> 46186.792 | S14: =IF(OR(F14="",G14=""),"",IF(F14>G14,E14&"_win",IF(F14<G14,E14&"_lose",E14&"_draw"))) -> Qatar_draw | T14: =IF(S14="","",IF(F14<G14,H14&"_win",IF(F14>G14,H14&"_lose",H14&"_draw"))) -> Switzerland_draw | U14: =IF(S14="",0,IF(VLOOKUP(E14,$AE$8:$AN$77,10,FALSE)=VLOOKUP(H14,$AE$8:$AN$77,10,FALSE),1,0)) -> 0 | V14: =U14*F14 -> 0 | W14: =U14*G14 -> 0 | X14: =IF(S14="",0,IF(VLOOKUP(E14,$AE$8:$AO$77,11,FALSE)=VLOOKUP(H14,$AE$8:$AO$77,11,FALSE),1,0)) -> 0 | Y14: =X14*F14 -> 0 | Z14: =X14*G14 -> 0 | AA14: =IF(OR(E14=my_team,H14=my_team),1,IF(INT(MATCH(E14,$AE$8:$AE$78,0)/6)=$AA$6,1,0)) -> 0 | AB14: =IF(OR(F14="",G14=""),"",IF(F14>G14,1,IF(F14<G14,-1,0))) -> 0 | AD14: =COUNTIF(AR14:AR17,CONCATENATE(">=",AR14)) -> 2 | AE14: =VLOOKUP("Canada",T,lang,FALSE) -> Canada | AF14: =COUNTIF($S$7:$T$78,"=" & AE14 & "_win") -> 1 | AG14: =COUNTIF($S$7:$T$78,"=" & AE14 & "_draw") -> 1 | AH14: =COUNTIF($S$7:$T$78,"=" & AE14 & "_lose") -> 1 | AI14: =SUMIF($E$7:$E$78,$AE14,$F$7:$F$78) + SUMIF($H$7:$H$78,$AE14,$G$7:$G$78) -> 8 | AJ14: =SUMIF($E$7:$E$78,$AE14,$G$7:$G$78) + SUMIF($H$7:$H$78,$AE14,$F$7:$F$78) -> 3 | AL14: =AI14-AJ14 -> 5 | AM14: =AL14-AL18 -> 13 | AN14: =AF14*3+AG14 -> 4 | AO14: =AN14/AN18*10+BA14 -> 5.9805825 | AP14: =AO14*10000000+BI14*100+AM14/AM18*10+AI14/AI18*1++IF(AQ14=0,ROW(),AQ14)/2000000 -> 59805933 | AQ14: =VLOOKUP(AE14,db_fifarank,2,FALSE) -> 1556.48 | AR14: =AP14/AP18 -> 0.6834963 | AS14: =IF(SUM(AF14:AH17)=12,J15,"1B") -> Switzerland | AT14: {=SUMPRODUCT(($S$7:$S$78=AE14&"_win")*($U$7:$U$78))+SUMPRODUCT(($T$7:$T$78=AE14&"_win")*($U$7:$U$78))} -> 0 | AU14: {=SUMPRODUCT(($S$7:$S$78=AE14&"_draw")*($U$7:$U$78))+SUMPRODUCT(($T$7:$T$78=AE14&"_draw")*($U$7:$U$78))} -> 1 | AV14: {=SUMPRODUCT(($E$7:$E$78=AE14)*($U$7:$U$78)*($F$7:$F$78))+SUMPRODUCT(($H$7:$H$78=AE14)*($U$7:$U$78)*($G$7:$G$78))} -> 1 | AW14: {=SUMPRODUCT(($E$7:$E$78=AE14)*($U$7:$U$78)*($G$7:$G$78))+SUMPRODUCT(($H$7:$H$78=AE14)*($U$7:$U$78)*($F$7:$F$78))} -> 1 | AX14: =AV14-AW14 -> 0 | AY14: =AX14-MIN(AX14:AX17) -> 0 | AZ14: =AT14/AT18*1000+AU14/AU18*100+AY14/AY18*10+AV14/AV18 -> 50.5 | BA14: =AZ14/AZ18 -> 0.98058252 | BB14: {=SUMPRODUCT(($S$7:$S$78=AE14&"_win")*($X$7:$X$78))+SUMPRODUCT(($T$7:$T$78=AE14&"_win")*($X$7:$X$78))} -> 0 | BC14: {=SUMPRODUCT(($S$7:$S$78=AE14&"_draw")*($X$7:$X$78))+SUMPRODUCT(($T$7:$T$78=AE14&"_draw")*($X$7:$X$78))} -> 1 | BD14: {=SUMPRODUCT(($E$7:$E$78=AE14)*($X$7:$X$78)*($F$7:$F$78))+SUMPRODUCT(($H$7:$H$78=AE14)*($X$7:$X$78)*($G$7:$G$78))} -> 1 | BE14: {=SUMPRODUCT(($E$7:$E$78=AE14)*($X$7:$X$78)*($G$7:$G$78))+SUMPRODUCT(($H$7:$H$78=AE14)*($X$7:$X$78)*($F$7:$F$78))} -> 1 | BF14: =BD14-BE14 -> 0 | BG14: =BF14-MIN(BF14:BF17) -> 0 | BH14: =BB14/BB18*1000+BC14/BC18*100+BG14/BG18*10+BD14/BD18 -> 50.5 | BI14: =BH14/BH18 -> 0.98058252 | BK14: 77 | BL14: =AS56 -> France | BM14: 3 | BP14: =IF(OR(BM14="",BM15="",AND(BN14="",BN15<>""),AND(BN15="",BN14<>""),AND(BO14="",BO15<>""),AND(BO15="",BO14<>"")),"",BM14*1000+BN14*10+BO14) -> 3000
A15: 9 | B15: {=INDEX(T,18+INT(MOD(R15-1,7)),lang)} -> Sun | C15: {=INDEX(T,24+MONTH(R15),lang) & " " & DAY(R15) & ", " & YEAR(R15)} -> Jun 14, 2026 | D15: =TIME(HOUR(R15),MINUTE(R15),0) -> 0.95833333 | E15: =AE34 -> Ivory Coast | F15: 1 | G15: 0 | H15: =AE35 -> Ecuador | J15: =VLOOKUP(1,AD14:AN17,2,FALSE) -> Switzerland | K15: =L15+M15+N15 -> 3 | L15: =VLOOKUP(1,AD14:AN17,3,FALSE) -> 2 | M15: =VLOOKUP(1,AD14:AN17,4,FALSE) -> 1 | N15: =VLOOKUP(1,AD14:AN17,5,FALSE) -> 0 | O15: =VLOOKUP(1,AD14:AN17,6,FALSE) & " - " & VLOOKUP(1,AD14:AN17,7,FALSE) -> 7 - 3 | P15: =L15*3+M15 -> 7 | R15: =DATE(2026,6,14)+TIME(12,0,0)+gmt_delta -> 46187.958 | S15: =IF(OR(F15="",G15=""),"",IF(F15>G15,E15&"_win",IF(F15<G15,E15&"_lose",E15&"_draw"))) -> Ivory Coast_win | T15: =IF(S15="","",IF(F15<G15,H15&"_win",IF(F15>G15,H15&"_lose",H15&"_draw"))) -> Ecuador_lose | U15: =IF(S15="",0,IF(VLOOKUP(E15,$AE$8:$AN$77,10,FALSE)=VLOOKUP(H15,$AE$8:$AN$77,10,FALSE),1,0)) -> 0 | V15: =U15*F15 -> 0 | W15: =U15*G15 -> 0 | X15: =IF(S15="",0,IF(VLOOKUP(E15,$AE$8:$AO$77,11,FALSE)=VLOOKUP(H15,$AE$8:$AO$77,11,FALSE),1,0)) -> 0 | Y15: =X15*F15 -> 0 | Z15: =X15*G15 -> 0 | AA15: =IF(OR(E15=my_team,H15=my_team),1,IF(INT(MATCH(E15,$AE$8:$AE$78,0)/6)=$AA$6,1,0)) -> 0 | AB15: =IF(OR(F15="",G15=""),"",IF(F15>G15,1,IF(F15<G15,-1,0))) -> 1 | AD15: =COUNTIF(AR14:AR17,CONCATENATE(">=",AR15)) -> 3 | AE15: =VLOOKUP("Bosnia and Herzegovina",T,lang,FALSE) -> Bosnia and Herzegovina | AF15: =COUNTIF($S$7:$T$78,"=" & AE15 & "_win") -> 1 | AG15: =COUNTIF($S$7:$T$78,"=" & AE15 & "_draw") -> 1 | AH15: =COUNTIF($S$7:$T$78,"=" & AE15 & "_lose") -> 1 | AI15: =SUMIF($E$7:$E$78,$AE15,$F$7:$F$78) + SUMIF($H$7:$H$78,$AE15,$G$7:$G$78) -> 5 | AJ15: =SUMIF($E$7:$E$78,$AE15,$G$7:$G$78) + SUMIF($H$7:$H$78,$AE15,$F$7:$F$78) -> 6 | AL15: =AI15-AJ15 -> -1 | AM15: =AL15-AL18 -> 7 | AN15: =AF15*3+AG15 -> 4 | AO15: =AN15/AN18*10+BA15 -> 5.9805825 | AP15: =AO15*10000000+BI15*100+AM15/AM18*10+AI15/AI18*1++IF(AQ15=0,ROW(),AQ15)/2000000 -> 59805929 | AQ15: =VLOOKUP(AE15,db_fifarank,2,FALSE) -> 1385.84 | AR15: =AP15/AP18 -> 0.68349625 | AS15: =IF(SUM(AF14:AH17)=12,J16,"2B") -> Canada | AT15: {=SUMPRODUCT(($S$7:$S$78=AE15&"_win")*($U$7:$U$78))+SUMPRODUCT(($T$7:$T$78=AE15&"_win")*($U$7:$U$78))} -> 0 | AU15: {=SUMPRODUCT(($S$7:$S$78=AE15&"_draw")*($U$7:$U$78))+SUMPRODUCT(($T$7:$T$78=AE15&"_draw")*($U$7:$U$78))} -> 1 | AV15: {=SUMPRODUCT(($E$7:$E$78=AE15)*($U$7:$U$78)*($F$7:$F$78))+SUMPRODUCT(($H$7:$H$78=AE15)*($U$7:$U$78)*($G$7:$G$78))} -> 1 | AW15: {=SUMPRODUCT(($E$7:$E$78=AE15)*($U$7:$U$78)*($G$7:$G$78))+SUMPRODUCT(($H$7:$H$78=AE15)*($U$7:$U$78)*($F$7:$F$78))} -> 1 | AX15: =AV15-AW15 -> 0 | AY15: =AX15-MIN(AX14:AX17) -> 0 | AZ15: =AT15/AT18*1000+AU15/AU18*100+AY15/AY18*10+AV15/AV18 -> 50.5 | BA15: =AZ15/AZ18 -> 0.98058252 | BB15: {=SUMPRODUCT(($S$7:$S$78=AE15&"_win")*($X$7:$X$78))+SUMPRODUCT(($T$7:$T$78=AE15&"_win")*($X$7:$X$78))} -> 0 | BC15: {=SUMPRODUCT(($S$7:$S$78=AE15&"_draw")*($X$7:$X$78))+SUMPRODUCT(($T$7:$T$78=AE15&"_draw")*($X$7:$X$78))} -> 1 | BD15: {=SUMPRODUCT(($E$7:$E$78=AE15)*($X$7:$X$78)*($F$7:$F$78))+SUMPRODUCT(($H$7:$H$78=AE15)*($X$7:$X$78)*($G$7:$G$78))} -> 1 | BE15: {=SUMPRODUCT(($E$7:$E$78=AE15)*($X$7:$X$78)*($G$7:$G$78))+SUMPRODUCT(($H$7:$H$78=AE15)*($X$7:$X$78)*($F$7:$F$78))} -> 1 | BF15: =BD15-BE15 -> 0 | BG15: =BF15-MIN(BF14:BF17) -> 0 | BH15: =BB15/BB18*1000+BC15/BC18*100+BG15/BG18*10+BD15/BD18 -> 50.5 | BI15: =BH15/BH18 -> 0.98058252 | BL15: =IF(group_round_completed,VLOOKUP('3rd places'!I3,AK80:AS91,9,FALSE),"3rd Group C/D/F/G/H") -> Sweden | BM15: 0 | BP15: =IF(BP14="","",BM15*1000+BN15*10+BO15) -> 0 | BY15: {=INDEX(T,24+MONTH(CD15),lang) & " " & DAY(CD15) & ", " & YEAR(CD15) & " " & (IF(HOUR(CD15)<10,0,"")&HOUR(CD15)) & ":" & (IF(MINUTE(CD15)<10,0,"")&MINUTE(CD15))} -> Jul 9, 2026 20:00 | CD15: =DATE(2026,7,9)+TIME(9,0,0)+gmt_delta -> 46212.833
A16: 10 | B16: {=INDEX(T,18+INT(MOD(R16-1,7)),lang)} -> Sun | C16: {=INDEX(T,24+MONTH(R16),lang) & " " & DAY(R16) & ", " & YEAR(R16)} -> Jun 14, 2026 | D16: =TIME(HOUR(R16),MINUTE(R16),0) -> 0.70833333 | E16: =AE32 -> Germany | F16: 7 | G16: 1 | H16: =AE33 -> Curaçao | J16: =VLOOKUP(2,AD14:AN17,2,FALSE) -> Canada | K16: =L16+M16+N16 -> 3 | L16: =VLOOKUP(2,AD14:AN17,3,FALSE) -> 1 | M16: =VLOOKUP(2,AD14:AN17,4,FALSE) -> 1 | N16: =VLOOKUP(2,AD14:AN17,5,FALSE) -> 1 | O16: =VLOOKUP(2,AD14:AN17,6,FALSE) & " - " & VLOOKUP(2,AD14:AN17,7,FALSE) -> 8 - 3 | P16: =L16*3+M16 -> 4 | R16: =DATE(2026,6,14)+TIME(6,0,0)+gmt_delta -> 46187.708 | S16: =IF(OR(F16="",G16=""),"",IF(F16>G16,E16&"_win",IF(F16<G16,E16&"_lose",E16&"_draw"))) -> Germany_win | T16: =IF(S16="","",IF(F16<G16,H16&"_win",IF(F16>G16,H16&"_lose",H16&"_draw"))) -> Curaçao_lose | U16: =IF(S16="",0,IF(VLOOKUP(E16,$AE$8:$AN$77,10,FALSE)=VLOOKUP(H16,$AE$8:$AN$77,10,FALSE),1,0)) -> 0 | V16: =U16*F16 -> 0 | W16: =U16*G16 -> 0 | X16: =IF(S16="",0,IF(VLOOKUP(E16,$AE$8:$AO$77,11,FALSE)=VLOOKUP(H16,$AE$8:$AO$77,11,FALSE),1,0)) -> 0 | Y16: =X16*F16 -> 0 | Z16: =X16*G16 -> 0 | AA16: =IF(OR(E16=my_team,H16=my_team),1,IF(INT(MATCH(E16,$AE$8:$AE$78,0)/6)=$AA$6,1,0)) -> 0 | AB16: =IF(OR(F16="",G16=""),"",IF(F16>G16,1,IF(F16<G16,-1,0))) -> 1 | AD16: =COUNTIF(AR14:AR17,CONCATENATE(">=",AR16)) -> 4 | AE16: =VLOOKUP("Qatar",T,lang,FALSE) -> Qatar | AF16: =COUNTIF($S$7:$T$78,"=" & AE16 & "_win") -> 0 | AG16: =COUNTIF($S$7:$T$78,"=" & AE16 & "_draw") -> 1 | AH16: =COUNTIF($S$7:$T$78,"=" & AE16 & "_lose") -> 2 | AI16: =SUMIF($E$7:$E$78,$AE16,$F$7:$F$78) + SUMIF($H$7:$H$78,$AE16,$G$7:$G$78) -> 2 | AJ16: =SUMIF($E$7:$E$78,$AE16,$G$7:$G$78) + SUMIF($H$7:$H$78,$AE16,$F$7:$F$78) -> 10 | AL16: =AI16-AJ16 -> -8 | AM16: =AL16-AL18 -> 0 | AN16: =AF16*3+AG16 -> 1 | AO16: =AN16/AN18*10+BA16 -> 1.25 | AP16: =AO16*10000000+BI16*100+AM16/AM18*10+AI16/AI18*1++IF(AQ16=0,ROW(),AQ16)/2000000 -> 12500000 | AQ16: =VLOOKUP(AE16,db_fifarank,2,FALSE) -> 1454.96 | AR16: =AP16/AP18 -> 0.14285713 | AT16: {=SUMPRODUCT(($S$7:$S$78=AE16&"_win")*($U$7:$U$78))+SUMPRODUCT(($T$7:$T$78=AE16&"_win")*($U$7:$U$78))} -> 0 | AU16: {=SUMPRODUCT(($S$7:$S$78=AE16&"_draw")*($U$7:$U$78))+SUMPRODUCT(($T$7:$T$78=AE16&"_draw")*($U$7:$U$78))} -> 0 | AV16: {=SUMPRODUCT(($E$7:$E$78=AE16)*($U$7:$U$78)*($F$7:$F$78))+SUMPRODUCT(($H$7:$H$78=AE16)*($U$7:$U$78)*($G$7:$G$78))} -> 0 | AW16: {=SUMPRODUCT(($E$7:$E$78=AE16)*($U$7:$U$78)*($G$7:$G$78))+SUMPRODUCT(($H$7:$H$78=AE16)*($U$7:$U$78)*($F$7:$F$78))} -> 0 | AX16: =AV16-AW16 -> 0 | AY16: =AX16-MIN(AX14:AX17) -> 0 | AZ16: =AT16/AT18*1000+AU16/AU18*100+AY16/AY18*10+AV16/AV18 -> 0 | BA16: =AZ16/AZ18 -> 0 | BB16: {=SUMPRODUCT(($S$7:$S$78=AE16&"_win")*($X$7:$X$78))+SUMPRODUCT(($T$7:$T$78=AE16&"_win")*($X$7:$X$78))} -> 0 | BC16: {=SUMPRODUCT(($S$7:$S$78=AE16&"_draw")*($X$7:$X$78))+SUMPRODUCT(($T$7:$T$78=AE16&"_draw")*($X$7:$X$78))} -> 0 | BD16: {=SUMPRODUCT(($E$7:$E$78=AE16)*($X$7:$X$78)*($F$7:$F$78))+SUMPRODUCT(($H$7:$H$78=AE16)*($X$7:$X$78)*($G$7:$G$78))} -> 0 | BE16: {=SUMPRODUCT(($E$7:$E$78=AE16)*($X$7:$X$78)*($G$7:$G$78))+SUMPRODUCT(($H$7:$H$78=AE16)*($X$7:$X$78)*($F$7:$F$78))} -> 0 | BF16: =BD16-BE16 -> 0 | BG16: =BF16-MIN(BF14:BF17) -> 0 | BH16: =BB16/BB18*1000+BC16/BC18*100+BG16/BG18*10+BD16/BD18 -> 0 | BI16: =BH16/BH18 -> 0 | BY16: 97 | BZ16: =IF(BW12>BW13,BS12,IF(BW12<BW13,BS13,"")) -> France | CD16: =IF(OR(CA16="",CA17="",AND(CB16="",CB17<>""),AND(CB17="",CB16<>""),AND(CC16="",CC17<>""),AND(CC17="",CC16<>"")),"",CA16*1000+CB16*10+CC16)
A17: 11 | B17: {=INDEX(T,18+INT(MOD(R17-1,7)),lang)} -> Sun | C17: {=INDEX(T,24+MONTH(R17),lang) & " " & DAY(R17) & ", " & YEAR(R17)} -> Jun 14, 2026 | D17: =TIME(HOUR(R17),MINUTE(R17),0) -> 0.83333333 | E17: =AE38 -> Netherlands | F17: 2 | G17: 2 | H17: =AE39 -> Japan | J17: =VLOOKUP(3,AD14:AN17,2,FALSE) -> Bosnia and Herzegovina | K17: =L17+M17+N17 -> 3 | L17: =VLOOKUP(3,AD14:AN17,3,FALSE) -> 1 | M17: =VLOOKUP(3,AD14:AN17,4,FALSE) -> 1 | N17: =VLOOKUP(3,AD14:AN17,5,FALSE) -> 1 | O17: =VLOOKUP(3,AD14:AN17,6,FALSE) & " - " & VLOOKUP(3,AD14:AN17,7,FALSE) -> 5 - 6 | P17: =L17*3+M17 -> 4 | R17: =DATE(2026,6,14)+TIME(9,0,0)+gmt_delta -> 46187.833 | S17: =IF(OR(F17="",G17=""),"",IF(F17>G17,E17&"_win",IF(F17<G17,E17&"_lose",E17&"_draw"))) -> Netherlands_draw | T17: =IF(S17="","",IF(F17<G17,H17&"_win",IF(F17>G17,H17&"_lose",H17&"_draw"))) -> Japan_draw | U17: =IF(S17="",0,IF(VLOOKUP(E17,$AE$8:$AN$77,10,FALSE)=VLOOKUP(H17,$AE$8:$AN$77,10,FALSE),1,0)) -> 0 | V17: =U17*F17 -> 0 | W17: =U17*G17 -> 0 | X17: =IF(S17="",0,IF(VLOOKUP(E17,$AE$8:$AO$77,11,FALSE)=VLOOKUP(H17,$AE$8:$AO$77,11,FALSE),1,0)) -> 0 | Y17: =X17*F17 -> 0 | Z17: =X17*G17 -> 0 | AA17: =IF(OR(E17=my_team,H17=my_team),1,IF(INT(MATCH(E17,$AE$8:$AE$78,0)/6)=$AA$6,1,0)) -> 0 | AB17: =IF(OR(F17="",G17=""),"",IF(F17>G17,1,IF(F17<G17,-1,0))) -> 0 | AD17: =COUNTIF(AR14:AR17,CONCATENATE(">=",AR17)) -> 1 | AE17: =VLOOKUP("Switzerland",T,lang,FALSE) -> Switzerland | AF17: =COUNTIF($S$7:$T$78,"=" & AE17 & "_win") -> 2 | AG17: =COUNTIF($S$7:$T$78,"=" & AE17 & "_draw") -> 1 | AH17: =COUNTIF($S$7:$T$78,"=" & AE17 & "_lose") -> 0 | AI17: =SUMIF($E$7:$E$78,$AE17,$F$7:$F$78) + SUMIF($H$7:$H$78,$AE17,$G$7:$G$78) -> 7 | AJ17: =SUMIF($E$7:$E$78,$AE17,$G$7:$G$78) + SUMIF($H$7:$H$78,$AE17,$F$7:$F$78) -> 3 | AL17: =AI17-AJ17 -> 4 | AM17: =AL17-AL18 -> 12 | AN17: =AF17*3+AG17 -> 7 | AO17: =AN17/AN18*10+BA17 -> 8.75 | AP17: =AO17*10000000+BI17*100+AM17/AM18*10+AI17/AI18*1++IF(AQ17=0,ROW(),AQ17)/2000000 -> 87500009 | AQ17: =VLOOKUP(AE17,db_fifarank,2,FALSE) -> 1649.4 | AR17: =AP17/AP18 -> 0.99999999 | AT17: {=SUMPRODUCT(($S$7:$S$78=AE17&"_win")*($U$7:$U$78))+SUMPRODUCT(($T$7:$T$78=AE17&"_win")*($U$7:$U$78))} -> 0 | AU17: {=SUMPRODUCT(($S$7:$S$78=AE17&"_draw")*($U$7:$U$78))+SUMPRODUCT(($T$7:$T$78=AE17&"_draw")*($U$7:$U$78))} -> 0 | AV17: {=SUMPRODUCT(($E$7:$E$78=AE17)*($U$7:$U$78)*($F$7:$F$78))+SUMPRODUCT(($H$7:$H$78=AE17)*($U$7:$U$78)*($G$7:$G$78))} -> 0 | AW17: {=SUMPRODUCT(($E$7:$E$78=AE17)*($U$7:$U$78)*($G$7:$G$78))+SUMPRODUCT(($H$7:$H$78=AE17)*($U$7:$U$78)*($F$7:$F$78))} -> 0 | AX17: =AV17-AW17 -> 0 | AY17: =AX17-MIN(AX14:AX17) -> 0 | AZ17: =AT17/AT18*1000+AU17/AU18*100+AY17/AY18*10+AV17/AV18 -> 0 | BA17: =AZ17/AZ18 -> 0 | BB17: {=SUMPRODUCT(($S$7:$S$78=AE17&"_win")*($X$7:$X$78))+SUMPRODUCT(($T$7:$T$78=AE17&"_win")*($X$7:$X$78))} -> 0 | BC17: {=SUMPRODUCT(($S$7:$S$78=AE17&"_draw")*($X$7:$X$78))+SUMPRODUCT(($T$7:$T$78=AE17&"_draw")*($X$7:$X$78))} -> 0 | BD17: {=SUMPRODUCT(($E$7:$E$78=AE17)*($X$7:$X$78)*($F$7:$F$78))+SUMPRODUCT(($H$7:$H$78=AE17)*($X$7:$X$78)*($G$7:$G$78))} -> 0 | BE17: {=SUMPRODUCT(($E$7:$E$78=AE17)*($X$7:$X$78)*($G$7:$G$78))+SUMPRODUCT(($H$7:$H$78=AE17)*($X$7:$X$78)*($F$7:$F$78))} -> 0 | BF17: =BD17-BE17 -> 0 | BG17: =BF17-MIN(BF14:BF17) -> 0 | BH17: =BB17/BB18*1000+BC17/BC18*100+BG17/BG18*10+BD17/BD18 -> 0 | BI17: =BH17/BH18 -> 0 | BK17: {=INDEX(T,24+MONTH(BP17),lang) & " " & DAY(BP17) & ", " & YEAR(BP17) & " " & (IF(HOUR(BP17)<10,0,"")&HOUR(BP17)) & ":" & (IF(MINUTE(BP17)<10,0,"")&MINUTE(BP17))} -> Jun 28, 2026 19:00 | BP17: =DATE(2026,6,28)+TIME(8,0,0)+gmt_delta -> 46201.792 | BZ17: =IF(BW20>BW21,BS20,IF(BW20<BW21,BS21,"")) -> Morocco | CD17: =IF(CD16="","",CA17*1000+CB17*10+CC17)
A18: 12 | B18: {=INDEX(T,18+INT(MOD(R18-1,7)),lang)} -> Mon | C18: {=INDEX(T,24+MONTH(R18),lang) & " " & DAY(R18) & ", " & YEAR(R18)} -> Jun 15, 2026 | D18: =TIME(HOUR(R18),MINUTE(R18),0) -> 0.083333333 | E18: =AE40 -> Sweden | F18: 5 | G18: 1 | H18: =AE41 -> Tunisia | J18: =VLOOKUP(4,AD14:AN17,2,FALSE) -> Qatar | K18: =L18+M18+N18 -> 3 | L18: =VLOOKUP(4,AD14:AN17,3,FALSE) -> 0 | M18: =VLOOKUP(4,AD14:AN17,4,FALSE) -> 1 | N18: =VLOOKUP(4,AD14:AN17,5,FALSE) -> 2 | O18: =VLOOKUP(4,AD14:AN17,6,FALSE) & " - " & VLOOKUP(4,AD14:AN17,7,FALSE) -> 2 - 10 | P18: =L18*3+M18 -> 1 | R18: =DATE(2026,6,14)+TIME(15,0,0)+gmt_delta -> 46188.083 | S18: =IF(OR(F18="",G18=""),"",IF(F18>G18,E18&"_win",IF(F18<G18,E18&"_lose",E18&"_draw"))) -> Sweden_win | T18: =IF(S18="","",IF(F18<G18,H18&"_win",IF(F18>G18,H18&"_lose",H18&"_draw"))) -> Tunisia_lose | U18: =IF(S18="",0,IF(VLOOKUP(E18,$AE$8:$AN$77,10,FALSE)=VLOOKUP(H18,$AE$8:$AN$77,10,FALSE),1,0)) -> 0 | V18: =U18*F18 -> 0 | W18: =U18*G18 -> 0 | X18: =IF(S18="",0,IF(VLOOKUP(E18,$AE$8:$AO$77,11,FALSE)=VLOOKUP(H18,$AE$8:$AO$77,11,FALSE),1,0)) -> 0 | Y18: =X18*F18 -> 0 | Z18: =X18*G18 -> 0 | AA18: =IF(OR(E18=my_team,H18=my_team),1,IF(INT(MATCH(E18,$AE$8:$AE$78,0)/6)=$AA$6,1,0)) -> 0 | AB18: =IF(OR(F18="",G18=""),"",IF(F18>G18,1,IF(F18<G18,-1,0))) -> 1 | AF18: =MAX(AF14:AF17)-MIN(AF14:AF17)+1 -> 3 | AG18: =MAX(AG14:AG17)-MIN(AG14:AG17)+1 -> 1 | AH18: =MAX(AH14:AH17)-MIN(AH14:AH17)+1 -> 3 | AI18: =MAX(AI14:AI17)+1 -> 9 | AL18: =MIN(AL14:AL17) -> -8 | AM18: =MAX(AM14:AM17)+1 -> 14 | AN18: =MAX(AN14:AN17)+1 -> 8 | AO18: =MAX(AO14:AO17)+1 -> 9.75 | AP18: =MAX(AP14:AP17)+1 -> 87500010 | AT18: =MAX(AT14:AT17)-MIN(AT14:AT17)+1 -> 1 | AU18: =MAX(AU14:AU17)-MIN(AU14:AU17)+1 -> 2 | AV18: =MAX(AV14:AV17)-MIN(AV14:AV17)+1 -> 2 | AW18: =MAX(AW14:AW17)-MIN(AW14:AW17)+1 -> 2 | AY18: =MAX(AY14:AY17)-MIN(AY14:AY17)+1 -> 1 | AZ18: =MAX(AZ14:AZ17)+1 -> 51.5 | BB18: =MAX(BB14:BB17)-MIN(BB14:BB17)+1 -> 1 | BC18: =MAX(BC14:BC17)-MIN(BC14:BC17)+1 -> 2 | BD18: =MAX(BD14:BD17)-MIN(BD14:BD17)+1 -> 2 | BE18: =MAX(BE14:BE17)-MIN(BE14:BE17)+1 -> 2 | BG18: =MAX(BG14:BG17)-MIN(BG14:BG17)+1 -> 1 | BH18: =MAX(BH14:BH17)+1 -> 51.5 | BK18: 73 | BL18: =AS9 -> South Africa | BM18: 0 | BP18: =IF(OR(BM18="",BM19="",AND(BN18="",BN19<>""),AND(BN19="",BN18<>""),AND(BO18="",BO19<>""),AND(BO19="",BO18<>"")),"",BM18*1000+BN18*10+BO18) -> 0
A19: 13 | B19: {=INDEX(T,18+INT(MOD(R19-1,7)),lang)} -> Mon | C19: {=INDEX(T,24+MONTH(R19),lang) & " " & DAY(R19) & ", " & YEAR(R19)} -> Jun 15, 2026 | D19: =TIME(HOUR(R19),MINUTE(R19),0) -> 0.91666667 | E19: =AE52 -> Saudi Arabia | F19: 1 | G19: 1 | H19: =AE53 -> Uruguay | R19: =DATE(2026,6,15)+TIME(11,0,0)+gmt_delta -> 46188.917 | S19: =IF(OR(F19="",G19=""),"",IF(F19>G19,E19&"_win",IF(F19<G19,E19&"_lose",E19&"_draw"))) -> Saudi Arabia_draw | T19: =IF(S19="","",IF(F19<G19,H19&"_win",IF(F19>G19,H19&"_lose",H19&"_draw"))) -> Uruguay_draw | U19: =IF(S19="",0,IF(VLOOKUP(E19,$AE$8:$AN$77,10,FALSE)=VLOOKUP(H19,$AE$8:$AN$77,10,FALSE),1,0)) -> 1 | V19: =U19*F19 -> 1 | W19: =U19*G19 -> 1 | X19: =IF(S19="",0,IF(VLOOKUP(E19,$AE$8:$AO$77,11,FALSE)=VLOOKUP(H19,$AE$8:$AO$77,11,FALSE),1,0)) -> 1 | Y19: =X19*F19 -> 1 | Z19: =X19*G19 -> 1 | AA19: =IF(OR(E19=my_team,H19=my_team),1,IF(INT(MATCH(E19,$AE$8:$AE$78,0)/6)=$AA$6,1,0)) -> 0 | AB19: =IF(OR(F19="",G19=""),"",IF(F19>G19,1,IF(F19<G19,-1,0))) -> 0 | BL19: =AS15 -> Canada | BM19: 1 | BP19: =IF(BP18="","",BM19*1000+BN19*10+BO19) -> 1000 | BR19: {=INDEX(T,24+MONTH(BW19),lang) & " " & DAY(BW19) & ", " & YEAR(BW19) & " " & (IF(HOUR(BW19)<10,0,"")&HOUR(BW19)) & ":" & (IF(MINUTE(BW19)<10,0,"")&MINUTE(BW19))} -> Jul 4, 2026 17:00 | BW19: =DATE(2026,7,4)+TIME(6,0,0)+gmt_delta -> 46207.708
A20: 14 | B20: {=INDEX(T,18+INT(MOD(R20-1,7)),lang)} -> Mon | C20: {=INDEX(T,24+MONTH(R20),lang) & " " & DAY(R20) & ", " & YEAR(R20)} -> Jun 15, 2026 | D20: =TIME(HOUR(R20),MINUTE(R20),0) -> 0.66666667 | E20: =AE50 -> Spain | F20: 0 | G20: 0 | H20: =AE51 -> Cape Verde | J20: {=INDEX(T,9,lang) & " " & "C"} -> Group C | K20: {=INDEX(T,10,lang)} -> PL | L20: {=INDEX(T,11,lang)} -> W | M20: {=INDEX(T,12,lang)} -> DRAW | N20: {=INDEX(T,13,lang)} -> L | O20: {=INDEX(T,14,lang)} -> GF - GA | P20: {=INDEX(T,15,lang)} -> PNT | R20: =DATE(2026,6,15)+TIME(5,0,0)+gmt_delta -> 46188.667 | S20: =IF(OR(F20="",G20=""),"",IF(F20>G20,E20&"_win",IF(F20<G20,E20&"_lose",E20&"_draw"))) -> Spain_draw | T20: =IF(S20="","",IF(F20<G20,H20&"_win",IF(F20>G20,H20&"_lose",H20&"_draw"))) -> Cape Verde_draw | U20: =IF(S20="",0,IF(VLOOKUP(E20,$AE$8:$AN$77,10,FALSE)=VLOOKUP(H20,$AE$8:$AN$77,10,FALSE),1,0)) -> 0 | V20: =U20*F20 -> 0 | W20: =U20*G20 -> 0 | X20: =IF(S20="",0,IF(VLOOKUP(E20,$AE$8:$AO$77,11,FALSE)=VLOOKUP(H20,$AE$8:$AO$77,11,FALSE),1,0)) -> 0 | Y20: =X20*F20 -> 0 | Z20: =X20*G20 -> 0 | AA20: =IF(OR(E20=my_team,H20=my_team),1,IF(INT(MATCH(E20,$AE$8:$AE$78,0)/6)=$AA$6,1,0)) -> 0 | AB20: =IF(OR(F20="",G20=""),"",IF(F20>G20,1,IF(F20<G20,-1,0))) -> 0 | AD20: =COUNTIF(AR20:AR23,CONCATENATE(">=",AR20)) -> 1 | AE20: =VLOOKUP("Brazil",T,lang,FALSE) -> Brazil | AF20: =COUNTIF($S$7:$T$78,"=" & AE20 & "_win") -> 2 | AG20: =COUNTIF($S$7:$T$78,"=" & AE20 & "_draw") -> 1 | AH20: =COUNTIF($S$7:$T$78,"=" & AE20 & "_lose") -> 0 | AI20: =SUMIF($E$7:$E$78,$AE20,$F$7:$F$78) + SUMIF($H$7:$H$78,$AE20,$G$7:$G$78) -> 7 | AJ20: =SUMIF($E$7:$E$78,$AE20,$G$7:$G$78) + SUMIF($H$7:$H$78,$AE20,$F$7:$F$78) -> 1 | AL20: =AI20-AJ20 -> 6 | AM20: =AL20-AL24 -> 12 | AN20: =AF20*3+AG20 -> 7 | AO20: =AN20/AN24*10+BA20 -> 9.7305825 | AP20: =AO20*10000000+BI20*100+AM20/AM24*10+AI20/AI24*1++IF(AQ20=0,ROW(),AQ20)/2000000 -> 97305933 | AQ20: =VLOOKUP(AE20,db_fifarank,2,FALSE) -> 1761.16 | AR20: =AP20/AP24 -> 0.99999999 | AS20: =IF(SUM(AF20:AH23)=12,J21,"1C") -> Brazil | AT20: {=SUMPRODUCT(($S$7:$S$78=AE20&"_win")*($U$7:$U$78))+SUMPRODUCT(($T$7:$T$78=AE20&"_win")*($U$7:$U$78))} -> 0 | AU20: {=SUMPRODUCT(($S$7:$S$78=AE20&"_draw")*($U$7:$U$78))+SUMPRODUCT(($T$7:$T$78=AE20&"_draw")*($U$7:$U$78))} -> 1 | AV20: {=SUMPRODUCT(($E$7:$E$78=AE20)*($U$7:$U$78)*($F$7:$F$78))+SUMPRODUCT(($H$7:$H$78=AE20)*($U$7:$U$78)*($G$7:$G$78))} -> 1 | AW20: {=SUMPRODUCT(($E$7:$E$78=AE20)*($U$7:$U$78)*($G$7:$G$78))+SUMPRODUCT(($H$7:$H$78=AE20)*($U$7:$U$78)*($F$7:$F$78))} -> 1 | AX20: =AV20-AW20 -> 0 | AY20: =AX20-MIN(AX20:AX23) -> 0 | AZ20: =AT20/AT24*1000+AU20/AU24*100+AY20/AY24*10+AV20/AV24 -> 50.5 | BA20: =AZ20/AZ24 -> 0.98058252 | BB20: {=SUMPRODUCT(($S$7:$S$78=AE20&"_win")*($X$7:$X$78))+SUMPRODUCT(($T$7:$T$78=AE20&"_win")*($X$7:$X$78))} -> 0 | BC20: {=SUMPRODUCT(($S$7:$S$78=AE20&"_draw")*($X$7:$X$78))+SUMPRODUCT(($T$7:$T$78=AE20&"_draw")*($X$7:$X$78))} -> 1 | BD20: {=SUMPRODUCT(($E$7:$E$78=AE20)*($X$7:$X$78)*($F$7:$F$78))+SUMPRODUCT(($H$7:$H$78=AE20)*($X$7:$X$78)*($G$7:$G$78))} -> 1 | BE20: {=SUMPRODUCT(($E$7:$E$78=AE20)*($X$7:$X$78)*($G$7:$G$78))+SUMPRODUCT(($H$7:$H$78=AE20)*($X$7:$X$78)*($F$7:$F$78))} -> 1 | BF20: =BD20-BE20 -> 0 | BG20: =BF20-MIN(BF20:BF23) -> 0 | BH20: =BB20/BB24*1000+BC20/BC24*100+BG20/BG24*10+BD20/BD24 -> 50.5 | BI20: =BH20/BH24 -> 0.98058252 | BR20: 90 | BS20: =IF(BP18>BP19,BL18,IF(BP18<BP19,BL19,"")) -> Canada | BT20: 0 | BW20: =IF(OR(BT20="",BT21="",AND(BU20="",BU21<>""),AND(BU21="",BU20<>""),AND(BV20="",BV21<>""),AND(BV21="",BV20<>"")),"",BT20*1000+BU20*10+BV20) -> 0
A21: 15 | B21: {=INDEX(T,18+INT(MOD(R21-1,7)),lang)} -> Tue | C21: {=INDEX(T,24+MONTH(R21),lang) & " " & DAY(R21) & ", " & YEAR(R21)} -> Jun 16, 2026 | D21: =TIME(HOUR(R21),MINUTE(R21),0) -> 0.041666667 | E21: =AE46 -> Iran | F21: 2 | G21: 2 | H21: =AE47 -> New Zealand | J21: =VLOOKUP(1,AD20:AN23,2,FALSE) -> Brazil | K21: =L21+M21+N21 -> 3 | L21: =VLOOKUP(1,AD20:AN23,3,FALSE) -> 2 | M21: =VLOOKUP(1,AD20:AN23,4,FALSE) -> 1 | N21: =VLOOKUP(1,AD20:AN23,5,FALSE) -> 0 | O21: =VLOOKUP(1,AD20:AN23,6,FALSE) & " - " & VLOOKUP(1,AD20:AN23,7,FALSE) -> 7 - 1 | P21: =L21*3+M21 -> 7 | R21: =DATE(2026,6,15)+TIME(14,0,0)+gmt_delta -> 46189.042 | S21: =IF(OR(F21="",G21=""),"",IF(F21>G21,E21&"_win",IF(F21<G21,E21&"_lose",E21&"_draw"))) -> Iran_draw | T21: =IF(S21="","",IF(F21<G21,H21&"_win",IF(F21>G21,H21&"_lose",H21&"_draw"))) -> New Zealand_draw | U21: =IF(S21="",0,IF(VLOOKUP(E21,$AE$8:$AN$77,10,FALSE)=VLOOKUP(H21,$AE$8:$AN$77,10,FALSE),1,0)) -> 0 | V21: =U21*F21 -> 0 | W21: =U21*G21 -> 0 | X21: =IF(S21="",0,IF(VLOOKUP(E21,$AE$8:$AO$77,11,FALSE)=VLOOKUP(H21,$AE$8:$AO$77,11,FALSE),1,0)) -> 0 | Y21: =X21*F21 -> 0 | Z21: =X21*G21 -> 0 | AA21: =IF(OR(E21=my_team,H21=my_team),1,IF(INT(MATCH(E21,$AE$8:$AE$78,0)/6)=$AA$6,1,0)) -> 0 | AB21: =IF(OR(F21="",G21=""),"",IF(F21>G21,1,IF(F21<G21,-1,0))) -> 0 | AD21: =COUNTIF(AR20:AR23,CONCATENATE(">=",AR21)) -> 2 | AE21: =VLOOKUP("Morocco",T,lang,FALSE) -> Morocco | AF21: =COUNTIF($S$7:$T$78,"=" & AE21 & "_win") -> 2 | AG21: =COUNTIF($S$7:$T$78,"=" & AE21 & "_draw") -> 1 | AH21: =COUNTIF($S$7:$T$78,"=" & AE21 & "_lose") -> 0 | AI21: =SUMIF($E$7:$E$78,$AE21,$F$7:$F$78) + SUMIF($H$7:$H$78,$AE21,$G$7:$G$78) -> 6 | AJ21: =SUMIF($E$7:$E$78,$AE21,$G$7:$G$78) + SUMIF($H$7:$H$78,$AE21,$F$7:$F$78) -> 3 | AL21: =AI21-AJ21 -> 3 | AM21: =AL21-AL24 -> 9 | AN21: =AF21*3+AG21 -> 7 | AO21: =AN21/AN24*10+BA21 -> 9.7305825 | AP21: =AO21*10000000+BI21*100+AM21/AM24*10+AI21/AI24*1++IF(AQ21=0,ROW(),AQ21)/2000000 -> 97305931 | AQ21: =VLOOKUP(AE21,db_fifarank,2,FALSE) -> 1755.87 | AR21: =AP21/AP24 -> 0.99999996 | AS21: =IF(SUM(AF20:AH23)=12,J22,"2C") -> Morocco | AT21: {=SUMPRODUCT(($S$7:$S$78=AE21&"_win")*($U$7:$U$78))+SUMPRODUCT(($T$7:$T$78=AE21&"_win")*($U$7:$U$78))} -> 0 | AU21: {=SUMPRODUCT(($S$7:$S$78=AE21&"_draw")*($U$7:$U$78))+SUMPRODUCT(($T$7:$T$78=AE21&"_draw")*($U$7:$U$78))} -> 1 | AV21: {=SUMPRODUCT(($E$7:$E$78=AE21)*($U$7:$U$78)*($F$7:$F$78))+SUMPRODUCT(($H$7:$H$78=AE21)*($U$7:$U$78)*($G$7:$G$78))} -> 1 | AW21: {=SUMPRODUCT(($E$7:$E$78=AE21)*($U$7:$U$78)*($G$7:$G$78))+SUMPRODUCT(($H$7:$H$78=AE21)*($U$7:$U$78)*($F$7:$F$78))} -> 1 | AX21: =AV21-AW21 -> 0 | AY21: =AX21-MIN(AX20:AX23) -> 0 | AZ21: =AT21/AT24*1000+AU21/AU24*100+AY21/AY24*10+AV21/AV24 -> 50.5 | BA21: =AZ21/AZ24 -> 0.98058252 | BB21: {=SUMPRODUCT(($S$7:$S$78=AE21&"_win")*($X$7:$X$78))+SUMPRODUCT(($T$7:$T$78=AE21&"_win")*($X$7:$X$78))} -> 0 | BC21: {=SUMPRODUCT(($S$7:$S$78=AE21&"_draw")*($X$7:$X$78))+SUMPRODUCT(($T$7:$T$78=AE21&"_draw")*($X$7:$X$78))} -> 1 | BD21: {=SUMPRODUCT(($E$7:$E$78=AE21)*($X$7:$X$78)*($F$7:$F$78))+SUMPRODUCT(($H$7:$H$78=AE21)*($X$7:$X$78)*($G$7:$G$78))} -> 1 | BE21: {=SUMPRODUCT(($E$7:$E$78=AE21)*($X$7:$X$78)*($G$7:$G$78))+SUMPRODUCT(($H$7:$H$78=AE21)*($X$7:$X$78)*($F$7:$F$78))} -> 1 | BF21: =BD21-BE21 -> 0 | BG21: =BF21-MIN(BF20:BF23) -> 0 | BH21: =BB21/BB24*1000+BC21/BC24*100+BG21/BG24*10+BD21/BD24 -> 50.5 | BI21: =BH21/BH24 -> 0.98058252 | BK21: {=INDEX(T,24+MONTH(BP21),lang) & " " & DAY(BP21) & ", " & YEAR(BP21) & " " & (IF(HOUR(BP21)<10,0,"")&HOUR(BP21)) & ":" & (IF(MINUTE(BP21)<10,0,"")&MINUTE(BP21))} -> Jun 30, 2026 01:00 | BP21: =DATE(2026,6,29)+TIME(14,0,0)+gmt_delta -> 46203.042 | BS21: =IF(BP22>BP23,BL22,IF(BP22<BP23,BL23,"")) -> Morocco | BT21: 3 | BW21: =IF(BW20="","",BT21*1000+BU21*10+BV21) -> 3000
A22: 16 | B22: {=INDEX(T,18+INT(MOD(R22-1,7)),lang)} -> Mon | C22: {=INDEX(T,24+MONTH(R22),lang) & " " & DAY(R22) & ", " & YEAR(R22)} -> Jun 15, 2026 | D22: =TIME(HOUR(R22),MINUTE(R22),0) -> 0.79166667 | E22: =AE44 -> Belgium | F22: 1 | G22: 1 | H22: =AE45 -> Egypt | J22: =VLOOKUP(2,AD20:AN23,2,FALSE) -> Morocco | K22: =L22+M22+N22 -> 3 | L22: =VLOOKUP(2,AD20:AN23,3,FALSE) -> 2 | M22: =VLOOKUP(2,AD20:AN23,4,FALSE) -> 1 | N22: =VLOOKUP(2,AD20:AN23,5,FALSE) -> 0 | O22: =VLOOKUP(2,AD20:AN23,6,FALSE) & " - " & VLOOKUP(2,AD20:AN23,7,FALSE) -> 6 - 3 | P22: =L22*3+M22 -> 7 | R22: =DATE(2026,6,15)+TIME(8,0,0)+gmt_delta -> 46188.792 | S22: =IF(OR(F22="",G22=""),"",IF(F22>G22,E22&"_win",IF(F22<G22,E22&"_lose",E22&"_draw"))) -> Belgium_draw | T22: =IF(S22="","",IF(F22<G22,H22&"_win",IF(F22>G22,H22&"_lose",H22&"_draw"))) -> Egypt_draw | U22: =IF(S22="",0,IF(VLOOKUP(E22,$AE$8:$AN$77,10,FALSE)=VLOOKUP(H22,$AE$8:$AN$77,10,FALSE),1,0)) -> 1 | V22: =U22*F22 -> 1 | W22: =U22*G22 -> 1 | X22: =IF(S22="",0,IF(VLOOKUP(E22,$AE$8:$AO$77,11,FALSE)=VLOOKUP(H22,$AE$8:$AO$77,11,FALSE),1,0)) -> 1 | Y22: =X22*F22 -> 1 | Z22: =X22*G22 -> 1 | AA22: =IF(OR(E22=my_team,H22=my_team),1,IF(INT(MATCH(E22,$AE$8:$AE$78,0)/6)=$AA$6,1,0)) -> 0 | AB22: =IF(OR(F22="",G22=""),"",IF(F22>G22,1,IF(F22<G22,-1,0))) -> 0 | AD22: =COUNTIF(AR20:AR23,CONCATENATE(">=",AR22)) -> 4 | AE22: =VLOOKUP("Haiti",T,lang,FALSE) -> Haiti | AF22: =COUNTIF($S$7:$T$78,"=" & AE22 & "_win") -> 0 | AG22: =COUNTIF($S$7:$T$78,"=" & AE22 & "_draw") -> 0 | AH22: =COUNTIF($S$7:$T$78,"=" & AE22 & "_lose") -> 3 | AI22: =SUMIF($E$7:$E$78,$AE22,$F$7:$F$78) + SUMIF($H$7:$H$78,$AE22,$G$7:$G$78) -> 2 | AJ22: =SUMIF($E$7:$E$78,$AE22,$G$7:$G$78) + SUMIF($H$7:$H$78,$AE22,$F$7:$F$78) -> 8 | AL22: =AI22-AJ22 -> -6 | AM22: =AL22-AL24 -> 0 | AN22: =AF22*3+AG22 -> 0 | AO22: =AN22/AN24*10+BA22 -> 0 | AP22: =AO22*10000000+BI22*100+AM22/AM24*10+AI22/AI24*1++IF(AQ22=0,ROW(),AQ22)/2000000 -> 0.25064585 | AQ22: =VLOOKUP(AE22,db_fifarank,2,FALSE) -> 1291.71 | AR22: =AP22/AP24 -> 2.5758537e-09 | AT22: {=SUMPRODUCT(($S$7:$S$78=AE22&"_win")*($U$7:$U$78))+SUMPRODUCT(($T$7:$T$78=AE22&"_win")*($U$7:$U$78))} -> 0 | AU22: {=SUMPRODUCT(($S$7:$S$78=AE22&"_draw")*($U$7:$U$78))+SUMPRODUCT(($T$7:$T$78=AE22&"_draw")*($U$7:$U$78))} -> 0 | AV22: {=SUMPRODUCT(($E$7:$E$78=AE22)*($U$7:$U$78)*($F$7:$F$78))+SUMPRODUCT(($H$7:$H$78=AE22)*($U$7:$U$78)*($G$7:$G$78))} -> 0 | AW22: {=SUMPRODUCT(($E$7:$E$78=AE22)*($U$7:$U$78)*($G$7:$G$78))+SUMPRODUCT(($H$7:$H$78=AE22)*($U$7:$U$78)*($F$7:$F$78))} -> 0 | AX22: =AV22-AW22 -> 0 | AY22: =AX22-MIN(AX20:AX23) -> 0 | AZ22: =AT22/AT24*1000+AU22/AU24*100+AY22/AY24*10+AV22/AV24 -> 0 | BA22: =AZ22/AZ24 -> 0 | BB22: {=SUMPRODUCT(($S$7:$S$78=AE22&"_win")*($X$7:$X$78))+SUMPRODUCT(($T$7:$T$78=AE22&"_win")*($X$7:$X$78))} -> 0 | BC22: {=SUMPRODUCT(($S$7:$S$78=AE22&"_draw")*($X$7:$X$78))+SUMPRODUCT(($T$7:$T$78=AE22&"_draw")*($X$7:$X$78))} -> 0 | BD22: {=SUMPRODUCT(($E$7:$E$78=AE22)*($X$7:$X$78)*($F$7:$F$78))+SUMPRODUCT(($H$7:$H$78=AE22)*($X$7:$X$78)*($G$7:$G$78))} -> 0 | BE22: {=SUMPRODUCT(($E$7:$E$78=AE22)*($X$7:$X$78)*($G$7:$G$78))+SUMPRODUCT(($H$7:$H$78=AE22)*($X$7:$X$78)*($F$7:$F$78))} -> 0 | BF22: =BD22-BE22 -> 0 | BG22: =BF22-MIN(BF20:BF23) -> 0 | BH22: =BB22/BB24*1000+BC22/BC24*100+BG22/BG24*10+BD22/BD24 -> 0 | BI22: =BH22/BH24 -> 0 | BK22: 75 | BL22: =AS38 -> Netherlands | BM22: 1 | BP22: =IF(OR(BM22="",BM23="",AND(BN22="",BN23<>""),AND(BN23="",BN22<>""),AND(BO22="",BO23<>""),AND(BO23="",BO22<>"")),"",BM22*1000+BN22*10+BO22) -> 1000 | CF22: {=INDEX(T,24+MONTH(CK22),lang) & " " & DAY(CK22) & ", " & YEAR(CK22) & " " & (IF(HOUR(CK22)<10,0,"")&HOUR(CK22)) & ":" & (IF(MINUTE(CK22)<10,0,"")&MINUTE(CK22))} -> Jul 14, 2026 19:00 | CK22: =DATE(2026,7,14)+TIME(8,0,0)+gmt_delta -> 46217.792
A23: 17 | B23: {=INDEX(T,18+INT(MOD(R23-1,7)),lang)} -> Tue | C23: {=INDEX(T,24+MONTH(R23),lang) & " " & DAY(R23) & ", " & YEAR(R23)} -> Jun 16, 2026 | D23: =TIME(HOUR(R23),MINUTE(R23),0) -> 0.79166667 | E23: =AE56 -> France | F23: 3 | G23: 1 | H23: =AE57 -> Senegal | J23: =VLOOKUP(3,AD20:AN23,2,FALSE) -> Scotland | K23: =L23+M23+N23 -> 3 | L23: =VLOOKUP(3,AD20:AN23,3,FALSE) -> 1 | M23: =VLOOKUP(3,AD20:AN23,4,FALSE) -> 0 | N23: =VLOOKUP(3,AD20:AN23,5,FALSE) -> 2 | O23: =VLOOKUP(3,AD20:AN23,6,FALSE) & " - " & VLOOKUP(3,AD20:AN23,7,FALSE) -> 1 - 4 | P23: =L23*3+M23 -> 3 | R23: =DATE(2026,6,16)+TIME(8,0,0)+gmt_delta -> 46189.792 | S23: =IF(OR(F23="",G23=""),"",IF(F23>G23,E23&"_win",IF(F23<G23,E23&"_lose",E23&"_draw"))) -> France_win | T23: =IF(S23="","",IF(F23<G23,H23&"_win",IF(F23>G23,H23&"_lose",H23&"_draw"))) -> Senegal_lose | U23: =IF(S23="",0,IF(VLOOKUP(E23,$AE$8:$AN$77,10,FALSE)=VLOOKUP(H23,$AE$8:$AN$77,10,FALSE),1,0)) -> 0 | V23: =U23*F23 -> 0 | W23: =U23*G23 -> 0 | X23: =IF(S23="",0,IF(VLOOKUP(E23,$AE$8:$AO$77,11,FALSE)=VLOOKUP(H23,$AE$8:$AO$77,11,FALSE),1,0)) -> 0 | Y23: =X23*F23 -> 0 | Z23: =X23*G23 -> 0 | AA23: =IF(OR(E23=my_team,H23=my_team),1,IF(INT(MATCH(E23,$AE$8:$AE$78,0)/6)=$AA$6,1,0)) -> 0 | AB23: =IF(OR(F23="",G23=""),"",IF(F23>G23,1,IF(F23<G23,-1,0))) -> 1 | AD23: =COUNTIF(AR20:AR23,CONCATENATE(">=",AR23)) -> 3 | AE23: =VLOOKUP("Scotland",T,lang,FALSE) -> Scotland | AF23: =COUNTIF($S$7:$T$78,"=" & AE23 & "_win") -> 1 | AG23: =COUNTIF($S$7:$T$78,"=" & AE23 & "_draw") -> 0 | AH23: =COUNTIF($S$7:$T$78,"=" & AE23 & "_lose") -> 2 | AI23: =SUMIF($E$7:$E$78,$AE23,$F$7:$F$78) + SUMIF($H$7:$H$78,$AE23,$G$7:$G$78) -> 1 | AJ23: =SUMIF($E$7:$E$78,$AE23,$G$7:$G$78) + SUMIF($H$7:$H$78,$AE23,$F$7:$F$78) -> 4 | AL23: =AI23-AJ23 -> -3 | AM23: =AL23-AL24 -> 3 | AN23: =AF23*3+AG23 -> 3 | AO23: =AN23/AN24*10+BA23 -> 3.75 | AP23: =AO23*10000000+BI23*100+AM23/AM24*10+AI23/AI24*1++IF(AQ23=0,ROW(),AQ23)/2000000 -> 37500002 | AQ23: =VLOOKUP(AE23,db_fifarank,2,FALSE) -> 1498.35 | AR23: =AP23/AP24 -> 0.38538248 | AT23: {=SUMPRODUCT(($S$7:$S$78=AE23&"_win")*($U$7:$U$78))+SUMPRODUCT(($T$7:$T$78=AE23&"_win")*($U$7:$U$78))} -> 0 | AU23: {=SUMPRODUCT(($S$7:$S$78=AE23&"_draw")*($U$7:$U$78))+SUMPRODUCT(($T$7:$T$78=AE23&"_draw")*($U$7:$U$78))} -> 0 | AV23: {=SUMPRODUCT(($E$7:$E$78=AE23)*($U$7:$U$78)*($F$7:$F$78))+SUMPRODUCT(($H$7:$H$78=AE23)*($U$7:$U$78)*($G$7:$G$78))} -> 0 | AW23: {=SUMPRODUCT(($E$7:$E$78=AE23)*($U$7:$U$78)*($G$7:$G$78))+SUMPRODUCT(($H$7:$H$78=AE23)*($U$7:$U$78)*($F$7:$F$78))} -> 0 | AX23: =AV23-AW23 -> 0 | AY23: =AX23-MIN(AX20:AX23) -> 0 | AZ23: =AT23/AT24*1000+AU23/AU24*100+AY23/AY24*10+AV23/AV24 -> 0 | BA23: =AZ23/AZ24 -> 0 | BB23: {=SUMPRODUCT(($S$7:$S$78=AE23&"_win")*($X$7:$X$78))+SUMPRODUCT(($T$7:$T$78=AE23&"_win")*($X$7:$X$78))} -> 0 | BC23: {=SUMPRODUCT(($S$7:$S$78=AE23&"_draw")*($X$7:$X$78))+SUMPRODUCT(($T$7:$T$78=AE23&"_draw")*($X$7:$X$78))} -> 0 | BD23: {=SUMPRODUCT(($E$7:$E$78=AE23)*($X$7:$X$78)*($F$7:$F$78))+SUMPRODUCT(($H$7:$H$78=AE23)*($X$7:$X$78)*($G$7:$G$78))} -> 0 | BE23: {=SUMPRODUCT(($E$7:$E$78=AE23)*($X$7:$X$78)*($G$7:$G$78))+SUMPRODUCT(($H$7:$H$78=AE23)*($X$7:$X$78)*($F$7:$F$78))} -> 0 | BF23: =BD23-BE23 -> 0 | BG23: =BF23-MIN(BF20:BF23) -> 0 | BH23: =BB23/BB24*1000+BC23/BC24*100+BG23/BG24*10+BD23/BD24 -> 0 | BI23: =BH23/BH24 -> 0 | BL23: =AS21 -> Morocco | BM23: 2 | BP23: =IF(BP22="","",BM23*1000+BN23*10+BO23) -> 2000 | CF23: 101 | CG23: =IF(CD16>CD17,BZ16,IF(CD16<CD17,BZ17,"")) | CK23: =IF(OR(CH23="",CH24="",AND(CI23="",CI24<>""),AND(CI24="",CI23<>""),AND(CJ23="",CJ24<>""),AND(CJ24="",CJ23<>"")),"",CH23*1000+CI23*10+CJ23)
A24: 18 | B24: {=INDEX(T,18+INT(MOD(R24-1,7)),lang)} -> Tue | C24: {=INDEX(T,24+MONTH(R24),lang) & " " & DAY(R24) & ", " & YEAR(R24)} -> Jun 16, 2026 | D24: =TIME(HOUR(R24),MINUTE(R24),0) -> 0.91666667 | E24: =AE58 -> Iraq | F24: 1 | G24: 4 | H24: =AE59 -> Norway | J24: =VLOOKUP(4,AD20:AN23,2,FALSE) -> Haiti | K24: =L24+M24+N24 -> 3 | L24: =VLOOKUP(4,AD20:AN23,3,FALSE) -> 0 | M24: =VLOOKUP(4,AD20:AN23,4,FALSE) -> 0 | N24: =VLOOKUP(4,AD20:AN23,5,FALSE) -> 3 | O24: =VLOOKUP(4,AD20:AN23,6,FALSE) & " - " & VLOOKUP(4,AD20:AN23,7,FALSE) -> 2 - 8 | P24: =L24*3+M24 -> 0 | R24: =DATE(2026,6,16)+TIME(11,0,0)+gmt_delta -> 46189.917 | S24: =IF(OR(F24="",G24=""),"",IF(F24>G24,E24&"_win",IF(F24<G24,E24&"_lose",E24&"_draw"))) -> Iraq_lose | T24: =IF(S24="","",IF(F24<G24,H24&"_win",IF(F24>G24,H24&"_lose",H24&"_draw"))) -> Norway_win | U24: =IF(S24="",0,IF(VLOOKUP(E24,$AE$8:$AN$77,10,FALSE)=VLOOKUP(H24,$AE$8:$AN$77,10,FALSE),1,0)) -> 0 | V24: =U24*F24 -> 0 | W24: =U24*G24 -> 0 | X24: =IF(S24="",0,IF(VLOOKUP(E24,$AE$8:$AO$77,11,FALSE)=VLOOKUP(H24,$AE$8:$AO$77,11,FALSE),1,0)) -> 0 | Y24: =X24*F24 -> 0 | Z24: =X24*G24 -> 0 | AA24: =IF(OR(E24=my_team,H24=my_team),1,IF(INT(MATCH(E24,$AE$8:$AE$78,0)/6)=$AA$6,1,0)) -> 0 | AB24: =IF(OR(F24="",G24=""),"",IF(F24>G24,1,IF(F24<G24,-1,0))) -> -1 | AF24: =MAX(AF20:AF23)-MIN(AF20:AF23)+1 -> 3 | AG24: =MAX(AG20:AG23)-MIN(AG20:AG23)+1 -> 2 | AH24: =MAX(AH20:AH23)-MIN(AH20:AH23)+1 -> 4 | AI24: =MAX(AI20:AI23)+1 -> 8 | AL24: =MIN(AL20:AL23) -> -6 | AM24: =MAX(AM20:AM23)+1 -> 13 | AN24: =MAX(AN20:AN23)+1 -> 8 | AO24: =MAX(AO20:AO23)+1 -> 10.730583 | AP24: =MAX(AP20:AP23)+1 -> 97305934 | AT24: =MAX(AT20:AT23)-MIN(AT20:AT23)+1 -> 1 | AU24: =MAX(AU20:AU23)-MIN(AU20:AU23)+1 -> 2 | AV24: =MAX(AV20:AV23)-MIN(AV20:AV23)+1 -> 2 | AW24: =MAX(AW20:AW23)-MIN(AW20:AW23)+1 -> 2 | AY24: =MAX(AY20:AY23)-MIN(AY20:AY23)+1 -> 1 | AZ24: =MAX(AZ20:AZ23)+1 -> 51.5 | BB24: =MAX(BB20:BB23)-MIN(BB20:BB23)+1 -> 1 | BC24: =MAX(BC20:BC23)-MIN(BC20:BC23)+1 -> 2 | BD24: =MAX(BD20:BD23)-MIN(BD20:BD23)+1 -> 2 | BE24: =MAX(BE20:BE23)-MIN(BE20:BE23)+1 -> 2 | BG24: =MAX(BG20:BG23)-MIN(BG20:BG23)+1 -> 1 | BH24: =MAX(BH20:BH23)+1 -> 51.5 | CG24: =IF(CD32>CD33,BZ32,IF(CD32<CD33,BZ33,"")) | CK24: =IF(CK23="","",CH24*1000+CI24*10+CJ24)
A25: 19 | B25: {=INDEX(T,18+INT(MOD(R25-1,7)),lang)} -> Wed | C25: {=INDEX(T,24+MONTH(R25),lang) & " " & DAY(R25) & ", " & YEAR(R25)} -> Jun 17, 2026 | D25: =TIME(HOUR(R25),MINUTE(R25),0) -> 0.041666667 | E25: =AE62 -> Argentina | F25: 3 | G25: 0 | H25: =AE63 -> Algeria | R25: =DATE(2026,6,16)+TIME(14,0,0)+gmt_delta -> 46190.042 | S25: =IF(OR(F25="",G25=""),"",IF(F25>G25,E25&"_win",IF(F25<G25,E25&"_lose",E25&"_draw"))) -> Argentina_win | T25: =IF(S25="","",IF(F25<G25,H25&"_win",IF(F25>G25,H25&"_lose",H25&"_draw"))) -> Algeria_lose | U25: =IF(S25="",0,IF(VLOOKUP(E25,$AE$8:$AN$77,10,FALSE)=VLOOKUP(H25,$AE$8:$AN$77,10,FALSE),1,0)) -> 0 | V25: =U25*F25 -> 0 | W25: =U25*G25 -> 0 | X25: =IF(S25="",0,IF(VLOOKUP(E25,$AE$8:$AO$77,11,FALSE)=VLOOKUP(H25,$AE$8:$AO$77,11,FALSE),1,0)) -> 0 | Y25: =X25*F25 -> 0 | Z25: =X25*G25 -> 0 | AA25: =IF(OR(E25=my_team,H25=my_team),1,IF(INT(MATCH(E25,$AE$8:$AE$78,0)/6)=$AA$6,1,0)) -> 1 | AB25: =IF(OR(F25="",G25=""),"",IF(F25>G25,1,IF(F25<G25,-1,0))) -> 1 | BK25: {=INDEX(T,24+MONTH(BP25),lang) & " " & DAY(BP25) & ", " & YEAR(BP25) & " " & (IF(HOUR(BP25)<10,0,"")&HOUR(BP25)) & ":" & (IF(MINUTE(BP25)<10,0,"")&MINUTE(BP25))} -> Jul 2, 2026 23:00 | BP25: =DATE(2026,7,2)+TIME(12,0,0)+gmt_delta -> 46205.958
A26: 20 | B26: {=INDEX(T,18+INT(MOD(R26-1,7)),lang)} -> Wed | C26: {=INDEX(T,24+MONTH(R26),lang) & " " & DAY(R26) & ", " & YEAR(R26)} -> Jun 17, 2026 | D26: =TIME(HOUR(R26),MINUTE(R26),0) -> 0.16666667 | E26: =AE64 -> Austria | F26: 3 | G26: 1 | H26: =AE65 -> Jordan | J26: {=INDEX(T,9,lang) & " " & "D"} -> Group D | K26: {=INDEX(T,10,lang)} -> PL | L26: {=INDEX(T,11,lang)} -> W | M26: {=INDEX(T,12,lang)} -> DRAW | N26: {=INDEX(T,13,lang)} -> L | O26: {=INDEX(T,14,lang)} -> GF - GA | P26: {=INDEX(T,15,lang)} -> PNT | R26: =DATE(2026,6,16)+TIME(17,0,0)+gmt_delta -> 46190.167 | S26: =IF(OR(F26="",G26=""),"",IF(F26>G26,E26&"_win",IF(F26<G26,E26&"_lose",E26&"_draw"))) -> Austria_win | T26: =IF(S26="","",IF(F26<G26,H26&"_win",IF(F26>G26,H26&"_lose",H26&"_draw"))) -> Jordan_lose | U26: =IF(S26="",0,IF(VLOOKUP(E26,$AE$8:$AN$77,10,FALSE)=VLOOKUP(H26,$AE$8:$AN$77,10,FALSE),1,0)) -> 0 | V26: =U26*F26 -> 0 | W26: =U26*G26 -> 0 | X26: =IF(S26="",0,IF(VLOOKUP(E26,$AE$8:$AO$77,11,FALSE)=VLOOKUP(H26,$AE$8:$AO$77,11,FALSE),1,0)) -> 0 | Y26: =X26*F26 -> 0 | Z26: =X26*G26 -> 0 | AA26: =IF(OR(E26=my_team,H26=my_team),1,IF(INT(MATCH(E26,$AE$8:$AE$78,0)/6)=$AA$6,1,0)) -> 0 | AB26: =IF(OR(F26="",G26=""),"",IF(F26>G26,1,IF(F26<G26,-1,0))) -> 1 | AD26: =COUNTIF(AR26:AR29,CONCATENATE(">=",AR26)) -> 1 | AE26: =VLOOKUP("United States",T,lang,FALSE) -> United States | AF26: =COUNTIF($S$7:$T$78,"=" & AE26 & "_win") -> 2 | AG26: =COUNTIF($S$7:$T$78,"=" & AE26 & "_draw") -> 0 | AH26: =COUNTIF($S$7:$T$78,"=" & AE26 & "_lose") -> 1 | AI26: =SUMIF($E$7:$E$78,$AE26,$F$7:$F$78) + SUMIF($H$7:$H$78,$AE26,$G$7:$G$78) -> 8 | AJ26: =SUMIF($E$7:$E$78,$AE26,$G$7:$G$78) + SUMIF($H$7:$H$78,$AE26,$F$7:$F$78) -> 4 | AL26: =AI26-AJ26 -> 4 | AM26: =AL26-AL30 -> 6 | AN26: =AF26*3+AG26 -> 6 | AO26: =AN26/AN30*10+BA26 -> 8.5714286 | AP26: =AO26*10000000+BI26*100+AM26/AM30*10+AI26/AI30*1++IF(AQ26=0,ROW(),AQ26)/2000000 -> 85714295 | AQ26: =VLOOKUP(AE26,db_fifarank,2,FALSE) -> 1673.13 | AR26: =AP26/AP30 -> 0.99999999 | AS26: =IF(SUM(AF26:AH29)=12,J27,"1D") -> United States | AT26: {=SUMPRODUCT(($S$7:$S$78=AE26&"_win")*($U$7:$U$78))+SUMPRODUCT(($T$7:$T$78=AE26&"_win")*($U$7:$U$78))} -> 0 | AU26: {=SUMPRODUCT(($S$7:$S$78=AE26&"_draw")*($U$7:$U$78))+SUMPRODUCT(($T$7:$T$78=AE26&"_draw")*($U$7:$U$78))} -> 0 | AV26: {=SUMPRODUCT(($E$7:$E$78=AE26)*($U$7:$U$78)*($F$7:$F$78))+SUMPRODUCT(($H$7:$H$78=AE26)*($U$7:$U$78)*($G$7:$G$78))} -> 0 | AW26: {=SUMPRODUCT(($E$7:$E$78=AE26)*($U$7:$U$78)*($G$7:$G$78))+SUMPRODUCT(($H$7:$H$78=AE26)*($U$7:$U$78)*($F$7:$F$78))} -> 0 | AX26: =AV26-AW26 -> 0 | AY26: =AX26-MIN(AX26:AX29) -> 0 | AZ26: =AT26/AT30*1000+AU26/AU30*100+AY26/AY30*10+AV26/AV30 -> 0 | BA26: =AZ26/AZ30 -> 0 | BB26: {=SUMPRODUCT(($S$7:$S$78=AE26&"_win")*($X$7:$X$78))+SUMPRODUCT(($T$7:$T$78=AE26&"_win")*($X$7:$X$78))} -> 0 | BC26: {=SUMPRODUCT(($S$7:$S$78=AE26&"_draw")*($X$7:$X$78))+SUMPRODUCT(($T$7:$T$78=AE26&"_draw")*($X$7:$X$78))} -> 0 | BD26: {=SUMPRODUCT(($E$7:$E$78=AE26)*($X$7:$X$78)*($F$7:$F$78))+SUMPRODUCT(($H$7:$H$78=AE26)*($X$7:$X$78)*($G$7:$G$78))} -> 0 | BE26: {=SUMPRODUCT(($E$7:$E$78=AE26)*($X$7:$X$78)*($G$7:$G$78))+SUMPRODUCT(($H$7:$H$78=AE26)*($X$7:$X$78)*($F$7:$F$78))} -> 0 | BF26: =BD26-BE26 -> 0 | BG26: =BF26-MIN(BF26:BF29) -> 0 | BH26: =BB26/BB30*1000+BC26/BC30*100+BG26/BG30*10+BD26/BD30 -> 0 | BI26: =BH26/BH30 -> 0 | BK26: 83 | BL26: =AS69 -> Portugal | BM26: 2 | BP26: =IF(OR(BM26="",BM27="",AND(BN26="",BN27<>""),AND(BN27="",BN26<>""),AND(BO26="",BO27<>""),AND(BO27="",BO26<>"")),"",BM26*1000+BN26*10+BO26) -> 2000
A27: 21 | B27: {=INDEX(T,18+INT(MOD(R27-1,7)),lang)} -> Wed | C27: {=INDEX(T,24+MONTH(R27),lang) & " " & DAY(R27) & ", " & YEAR(R27)} -> Jun 17, 2026 | D27: =TIME(HOUR(R27),MINUTE(R27),0) -> 0.95833333 | E27: =AE76 -> Ghana | F27: 1 | G27: 0 | H27: =AE77 -> Panama | J27: =VLOOKUP(1,AD26:AN29,2,FALSE) -> United States | K27: =L27+M27+N27 -> 3 | L27: =VLOOKUP(1,AD26:AN29,3,FALSE) -> 2 | M27: =VLOOKUP(1,AD26:AN29,4,FALSE) -> 0 | N27: =VLOOKUP(1,AD26:AN29,5,FALSE) -> 1 | O27: =VLOOKUP(1,AD26:AN29,6,FALSE) & " - " & VLOOKUP(1,AD26:AN29,7,FALSE) -> 8 - 4 | P27: =L27*3+M27 -> 6 | R27: =DATE(2026,6,17)+TIME(12,0,0)+gmt_delta -> 46190.958 | S27: =IF(OR(F27="",G27=""),"",IF(F27>G27,E27&"_win",IF(F27<G27,E27&"_lose",E27&"_draw"))) -> Ghana_win | T27: =IF(S27="","",IF(F27<G27,H27&"_win",IF(F27>G27,H27&"_lose",H27&"_draw"))) -> Panama_lose | U27: =IF(S27="",0,IF(VLOOKUP(E27,$AE$8:$AN$77,10,FALSE)=VLOOKUP(H27,$AE$8:$AN$77,10,FALSE),1,0)) -> 0 | V27: =U27*F27 -> 0 | W27: =U27*G27 -> 0 | X27: =IF(S27="",0,IF(VLOOKUP(E27,$AE$8:$AO$77,11,FALSE)=VLOOKUP(H27,$AE$8:$AO$77,11,FALSE),1,0)) -> 0 | Y27: =X27*F27 -> 0 | Z27: =X27*G27 -> 0 | AA27: =IF(OR(E27=my_team,H27=my_team),1,IF(INT(MATCH(E27,$AE$8:$AE$78,0)/6)=$AA$6,1,0)) -> 0 | AB27: =IF(OR(F27="",G27=""),"",IF(F27>G27,1,IF(F27<G27,-1,0))) -> 1 | AD27: =COUNTIF(AR26:AR29,CONCATENATE(">=",AR27)) -> 3 | AE27: =VLOOKUP("Paraguay",T,lang,FALSE) -> Paraguay | AF27: =COUNTIF($S$7:$T$78,"=" & AE27 & "_win") -> 1 | AG27: =COUNTIF($S$7:$T$78,"=" & AE27 & "_draw") -> 1 | AH27: =COUNTIF($S$7:$T$78,"=" & AE27 & "_lose") -> 1 | AI27: =SUMIF($E$7:$E$78,$AE27,$F$7:$F$78) + SUMIF($H$7:$H$78,$AE27,$G$7:$G$78) -> 2 | AJ27: =SUMIF($E$7:$E$78,$AE27,$G$7:$G$78) + SUMIF($H$7:$H$78,$AE27,$F$7:$F$78) -> 4 | AL27: =AI27-AJ27 -> -2 | AM27: =AL27-AL30 -> 0 | AN27: =AF27*3+AG27 -> 4 | AO27: =AN27/AN30*10+BA27 -> 6.6946779 | AP27: =AO27*10000000+BI27*100+AM27/AM30*10+AI27/AI30*1++IF(AQ27=0,ROW(),AQ27)/2000000 -> 66946877 | AQ27: =VLOOKUP(AE27,db_fifarank,2,FALSE) -> 1503.5 | AR27: =AP27/AP30 -> 0.7810468 | AS27: =IF(SUM(AF26:AH29)=12,J28,"2D") -> Australia | AT27: {=SUMPRODUCT(($S$7:$S$78=AE27&"_win")*($U$7:$U$78))+SUMPRODUCT(($T$7:$T$78=AE27&"_win")*($U$7:$U$78))} -> 0 | AU27: {=SUMPRODUCT(($S$7:$S$78=AE27&"_draw")*($U$7:$U$78))+SUMPRODUCT(($T$7:$T$78=AE27&"_draw")*($U$7:$U$78))} -> 1 | AV27: {=SUMPRODUCT(($E$7:$E$78=AE27)*($U$7:$U$78)*($F$7:$F$78))+SUMPRODUCT(($H$7:$H$78=AE27)*($U$7:$U$78)*($G$7:$G$78))} -> 0 | AW27: {=SUMPRODUCT(($E$7:$E$78=AE27)*($U$7:$U$78)*($G$7:$G$78))+SUMPRODUCT(($H$7:$H$78=AE27)*($U$7:$U$78)*($F$7:$F$78))} -> 0 | AX27: =AV27-AW27 -> 0 | AY27: =AX27-MIN(AX26:AX29) -> 0 | AZ27: =AT27/AT30*1000+AU27/AU30*100+AY27/AY30*10+AV27/AV30 -> 50 | BA27: =AZ27/AZ30 -> 0.98039216 | BB27: {=SUMPRODUCT(($S$7:$S$78=AE27&"_win")*($X$7:$X$78))+SUMPRODUCT(($T$7:$T$78=AE27&"_win")*($X$7:$X$78))} -> 0 | BC27: {=SUMPRODUCT(($S$7:$S$78=AE27&"_draw")*($X$7:$X$78))+SUMPRODUCT(($T$7:$T$78=AE27&"_draw")*($X$7:$X$78))} -> 1 | BD27: {=SUMPRODUCT(($E$7:$E$78=AE27)*($X$7:$X$78)*($F$7:$F$78))+SUMPRODUCT(($H$7:$H$78=AE27)*($X$7:$X$78)*($G$7:$G$78))} -> 0 | BE27: {=SUMPRODUCT(($E$7:$E$78=AE27)*($X$7:$X$78)*($G$7:$G$78))+SUMPRODUCT(($H$7:$H$78=AE27)*($X$7:$X$78)*($F$7:$F$78))} -> 0 | BF27: =BD27-BE27 -> 0 | BG27: =BF27-MIN(BF26:BF29) -> 0 | BH27: =BB27/BB30*1000+BC27/BC30*100+BG27/BG30*10+BD27/BD30 -> 50 | BI27: =BH27/BH30 -> 0.98039216 | BL27: =AS75 -> Croatia | BM27: 1 | BP27: =IF(BP26="","",BM27*1000+BN27*10+BO27) -> 1000 | BR27: {=INDEX(T,24+MONTH(BW27),lang) & " " & DAY(BW27) & ", " & YEAR(BW27) & " " & (IF(HOUR(BW27)<10,0,"")&HOUR(BW27)) & ":" & (IF(MINUTE(BW27)<10,0,"")&MINUTE(BW27))} -> Jul 6, 2026 19:00 | BW27: =DATE(2026,7,6)+TIME(8,0,0)+gmt_delta -> 46209.792
A28: 22 | B28: {=INDEX(T,18+INT(MOD(R28-1,7)),lang)} -> Wed | C28: {=INDEX(T,24+MONTH(R28),lang) & " " & DAY(R28) & ", " & YEAR(R28)} -> Jun 17, 2026 | D28: =TIME(HOUR(R28),MINUTE(R28),0) -> 0.83333333 | E28: =AE74 -> England | F28: 4 | G28: 2 | H28: =AE75 -> Croatia | J28: =VLOOKUP(2,AD26:AN29,2,FALSE) -> Australia | K28: =L28+M28+N28 -> 3 | L28: =VLOOKUP(2,AD26:AN29,3,FALSE) -> 1 | M28: =VLOOKUP(2,AD26:AN29,4,FALSE) -> 1 | N28: =VLOOKUP(2,AD26:AN29,5,FALSE) -> 1 | O28: =VLOOKUP(2,AD26:AN29,6,FALSE) & " - " & VLOOKUP(2,AD26:AN29,7,FALSE) -> 2 - 2 | P28: =L28*3+M28 -> 4 | R28: =DATE(2026,6,17)+TIME(9,0,0)+gmt_delta -> 46190.833 | S28: =IF(OR(F28="",G28=""),"",IF(F28>G28,E28&"_win",IF(F28<G28,E28&"_lose",E28&"_draw"))) -> England_win | T28: =IF(S28="","",IF(F28<G28,H28&"_win",IF(F28>G28,H28&"_lose",H28&"_draw"))) -> Croatia_lose | U28: =IF(S28="",0,IF(VLOOKUP(E28,$AE$8:$AN$77,10,FALSE)=VLOOKUP(H28,$AE$8:$AN$77,10,FALSE),1,0)) -> 0 | V28: =U28*F28 -> 0 | W28: =U28*G28 -> 0 | X28: =IF(S28="",0,IF(VLOOKUP(E28,$AE$8:$AO$77,11,FALSE)=VLOOKUP(H28,$AE$8:$AO$77,11,FALSE),1,0)) -> 0 | Y28: =X28*F28 -> 0 | Z28: =X28*G28 -> 0 | AA28: =IF(OR(E28=my_team,H28=my_team),1,IF(INT(MATCH(E28,$AE$8:$AE$78,0)/6)=$AA$6,1,0)) -> 0 | AB28: =IF(OR(F28="",G28=""),"",IF(F28>G28,1,IF(F28<G28,-1,0))) -> 1 | AD28: =COUNTIF(AR26:AR29,CONCATENATE(">=",AR28)) -> 2 | AE28: =VLOOKUP("Australia",T,lang,FALSE) -> Australia | AF28: =COUNTIF($S$7:$T$78,"=" & AE28 & "_win") -> 1 | AG28: =COUNTIF($S$7:$T$78,"=" & AE28 & "_draw") -> 1 | AH28: =COUNTIF($S$7:$T$78,"=" & AE28 & "_lose") -> 1 | AI28: =SUMIF($E$7:$E$78,$AE28,$F$7:$F$78) + SUMIF($H$7:$H$78,$AE28,$G$7:$G$78) -> 2 | AJ28: =SUMIF($E$7:$E$78,$AE28,$G$7:$G$78) + SUMIF($H$7:$H$78,$AE28,$F$7:$F$78) -> 2 | AL28: =AI28-AJ28 -> 0 | AM28: =AL28-AL30 -> 2 | AN28: =AF28*3+AG28 -> 4 | AO28: =AN28/AN30*10+BA28 -> 6.6946779 | AP28: =AO28*10000000+BI28*100+AM28/AM30*10+AI28/AI30*1++IF(AQ28=0,ROW(),AQ28)/2000000 -> 66946880 | AQ28: =VLOOKUP(AE28,db_fifarank,2,FALSE) -> 1580.67 | AR28: =AP28/AP30 -> 0.78104684 | AT28: {=SUMPRODUCT(($S$7:$S$78=AE28&"_win")*($U$7:$U$78))+SUMPRODUCT(($T$7:$T$78=AE28&"_win")*($U$7:$U$78))} -> 0 | AU28: {=SUMPRODUCT(($S$7:$S$78=AE28&"_draw")*($U$7:$U$78))+SUMPRODUCT(($T$7:$T$78=AE28&"_draw")*($U$7:$U$78))} -> 1 | AV28: {=SUMPRODUCT(($E$7:$E$78=AE28)*($U$7:$U$78)*($F$7:$F$78))+SUMPRODUCT(($H$7:$H$78=AE28)*($U$7:$U$78)*($G$7:$G$78))} -> 0 | AW28: {=SUMPRODUCT(($E$7:$E$78=AE28)*($U$7:$U$78)*($G$7:$G$78))+SUMPRODUCT(($H$7:$H$78=AE28)*($U$7:$U$78)*($F$7:$F$78))} -> 0 | AX28: =AV28-AW28 -> 0 | AY28: =AX28-MIN(AX26:AX29) -> 0 | AZ28: =AT28/AT30*1000+AU28/AU30*100+AY28/AY30*10+AV28/AV30 -> 50 | BA28: =AZ28/AZ30 -> 0.98039216 | BB28: {=SUMPRODUCT(($S$7:$S$78=AE28&"_win")*($X$7:$X$78))+SUMPRODUCT(($T$7:$T$78=AE28&"_win")*($X$7:$X$78))} -> 0 | BC28: {=SUMPRODUCT(($S$7:$S$78=AE28&"_draw")*($X$7:$X$78))+SUMPRODUCT(($T$7:$T$78=AE28&"_draw")*($X$7:$X$78))} -> 1 | BD28: {=SUMPRODUCT(($E$7:$E$78=AE28)*($X$7:$X$78)*($F$7:$F$78))+SUMPRODUCT(($H$7:$H$78=AE28)*($X$7:$X$78)*($G$7:$G$78))} -> 0 | BE28: {=SUMPRODUCT(($E$7:$E$78=AE28)*($X$7:$X$78)*($G$7:$G$78))+SUMPRODUCT(($H$7:$H$78=AE28)*($X$7:$X$78)*($F$7:$F$78))} -> 0 | BF28: =BD28-BE28 -> 0 | BG28: =BF28-MIN(BF26:BF29) -> 0 | BH28: =BB28/BB30*1000+BC28/BC30*100+BG28/BG30*10+BD28/BD30 -> 50 | BI28: =BH28/BH30 -> 0.98039216 | BR28: 93 | BS28: =IF(BP26>BP27,BL26,IF(BP26<BP27,BL27,"")) -> Portugal | BT28: 0 | BW28: =IF(OR(BT28="",BT29="",AND(BU28="",BU29<>""),AND(BU29="",BU28<>""),AND(BV28="",BV29<>""),AND(BV29="",BV28<>"")),"",BT28*1000+BU28*10+BV28) -> 0
A29: 23 | B29: {=INDEX(T,18+INT(MOD(R29-1,7)),lang)} -> Wed | C29: {=INDEX(T,24+MONTH(R29),lang) & " " & DAY(R29) & ", " & YEAR(R29)} -> Jun 17, 2026 | D29: =TIME(HOUR(R29),MINUTE(R29),0) -> 0.70833333 | E29: =AE68 -> Portugal | F29: 1 | G29: 1 | H29: =AE69 -> DR Congo | J29: =VLOOKUP(3,AD26:AN29,2,FALSE) -> Paraguay | K29: =L29+M29+N29 -> 3 | L29: =VLOOKUP(3,AD26:AN29,3,FALSE) -> 1 | M29: =VLOOKUP(3,AD26:AN29,4,FALSE) -> 1 | N29: =VLOOKUP(3,AD26:AN29,5,FALSE) -> 1 | O29: =VLOOKUP(3,AD26:AN29,6,FALSE) & " - " & VLOOKUP(3,AD26:AN29,7,FALSE) -> 2 - 4 | P29: =L29*3+M29 -> 4 | R29: =DATE(2026,6,17)+TIME(6,0,0)+gmt_delta -> 46190.708 | S29: =IF(OR(F29="",G29=""),"",IF(F29>G29,E29&"_win",IF(F29<G29,E29&"_lose",E29&"_draw"))) -> Portugal_draw | T29: =IF(S29="","",IF(F29<G29,H29&"_win",IF(F29>G29,H29&"_lose",H29&"_draw"))) -> DR Congo_draw | U29: =IF(S29="",0,IF(VLOOKUP(E29,$AE$8:$AN$77,10,FALSE)=VLOOKUP(H29,$AE$8:$AN$77,10,FALSE),1,0)) -> 0 | V29: =U29*F29 -> 0 | W29: =U29*G29 -> 0 | X29: =IF(S29="",0,IF(VLOOKUP(E29,$AE$8:$AO$77,11,FALSE)=VLOOKUP(H29,$AE$8:$AO$77,11,FALSE),1,0)) -> 0 | Y29: =X29*F29 -> 0 | Z29: =X29*G29 -> 0 | AA29: =IF(OR(E29=my_team,H29=my_team),1,IF(INT(MATCH(E29,$AE$8:$AE$78,0)/6)=$AA$6,1,0)) -> 0 | AB29: =IF(OR(F29="",G29=""),"",IF(F29>G29,1,IF(F29<G29,-1,0))) -> 0 | AD29: =COUNTIF(AR26:AR29,CONCATENATE(">=",AR29)) -> 4 | AE29: =VLOOKUP("Turkey",T,lang,FALSE) -> Turkey | AF29: =COUNTIF($S$7:$T$78,"=" & AE29 & "_win") -> 1 | AG29: =COUNTIF($S$7:$T$78,"=" & AE29 & "_draw") -> 0 | AH29: =COUNTIF($S$7:$T$78,"=" & AE29 & "_lose") -> 2 | AI29: =SUMIF($E$7:$E$78,$AE29,$F$7:$F$78) + SUMIF($H$7:$H$78,$AE29,$G$7:$G$78) -> 3 | AJ29: =SUMIF($E$7:$E$78,$AE29,$G$7:$G$78) + SUMIF($H$7:$H$78,$AE29,$F$7:$F$78) -> 5 | AL29: =AI29-AJ29 -> -2 | AM29: =AL29-AL30 -> 0 | AN29: =AF29*3+AG29 -> 3 | AO29: =AN29/AN30*10+BA29 -> 4.2857143 | AP29: =AO29*10000000+BI29*100+AM29/AM30*10+AI29/AI30*1++IF(AQ29=0,ROW(),AQ29)/2000000 -> 42857143 | AQ29: =VLOOKUP(AE29,db_fifarank,2,FALSE) -> 1599.04 | AR29: =AP29/AP30 -> 0.49999994 | AT29: {=SUMPRODUCT(($S$7:$S$78=AE29&"_win")*($U$7:$U$78))+SUMPRODUCT(($T$7:$T$78=AE29&"_win")*($U$7:$U$78))} -> 0 | AU29: {=SUMPRODUCT(($S$7:$S$78=AE29&"_draw")*($U$7:$U$78))+SUMPRODUCT(($T$7:$T$78=AE29&"_draw")*($U$7:$U$78))} -> 0 | AV29: {=SUMPRODUCT(($E$7:$E$78=AE29)*($U$7:$U$78)*($F$7:$F$78))+SUMPRODUCT(($H$7:$H$78=AE29)*($U$7:$U$78)*($G$7:$G$78))} -> 0 | AW29: {=SUMPRODUCT(($E$7:$E$78=AE29)*($U$7:$U$78)*($G$7:$G$78))+SUMPRODUCT(($H$7:$H$78=AE29)*($U$7:$U$78)*($F$7:$F$78))} -> 0 | AX29: =AV29-AW29 -> 0 | AY29: =AX29-MIN(AX26:AX29) -> 0 | AZ29: =AT29/AT30*1000+AU29/AU30*100+AY29/AY30*10+AV29/AV30 -> 0 | BA29: =AZ29/AZ30 -> 0 | BB29: {=SUMPRODUCT(($S$7:$S$78=AE29&"_win")*($X$7:$X$78))+SUMPRODUCT(($T$7:$T$78=AE29&"_win")*($X$7:$X$78))} -> 0 | BC29: {=SUMPRODUCT(($S$7:$S$78=AE29&"_draw")*($X$7:$X$78))+SUMPRODUCT(($T$7:$T$78=AE29&"_draw")*($X$7:$X$78))} -> 0 | BD29: {=SUMPRODUCT(($E$7:$E$78=AE29)*($X$7:$X$78)*($F$7:$F$78))+SUMPRODUCT(($H$7:$H$78=AE29)*($X$7:$X$78)*($G$7:$G$78))} -> 0 | BE29: {=SUMPRODUCT(($E$7:$E$78=AE29)*($X$7:$X$78)*($G$7:$G$78))+SUMPRODUCT(($H$7:$H$78=AE29)*($X$7:$X$78)*($F$7:$F$78))} -> 0 | BF29: =BD29-BE29 -> 0 | BG29: =BF29-MIN(BF26:BF29) -> 0 | BH29: =BB29/BB30*1000+BC29/BC30*100+BG29/BG30*10+BD29/BD30 -> 0 | BI29: =BH29/BH30 -> 0 | BK29: {=INDEX(T,24+MONTH(BP29),lang) & " " & DAY(BP29) & ", " & YEAR(BP29) & " " & (IF(HOUR(BP29)<10,0,"")&HOUR(BP29)) & ":" & (IF(MINUTE(BP29)<10,0,"")&MINUTE(BP29))} -> Jul 2, 2026 19:00 | BP29: =DATE(2026,7,2)+TIME(8,0,0)+gmt_delta -> 46205.792 | BS29: =IF(BP30>BP31,BL30,IF(BP30<BP31,BL31,"")) -> Spain | BT29: 1 | BW29: =IF(BW28="","",BT29*1000+BU29*10+BV29) -> 1000
A30: 24 | B30: {=INDEX(T,18+INT(MOD(R30-1,7)),lang)} -> Thu | C30: {=INDEX(T,24+MONTH(R30),lang) & " " & DAY(R30) & ", " & YEAR(R30)} -> Jun 18, 2026 | D30: =TIME(HOUR(R30),MINUTE(R30),0) -> 0.083333333 | E30: =AE70 -> Uzbekistan | F30: 1 | G30: 3 | H30: =AE71 -> Colombia | J30: =VLOOKUP(4,AD26:AN29,2,FALSE) -> Turkey | K30: =L30+M30+N30 -> 3 | L30: =VLOOKUP(4,AD26:AN29,3,FALSE) -> 1 | M30: =VLOOKUP(4,AD26:AN29,4,FALSE) -> 0 | N30: =VLOOKUP(4,AD26:AN29,5,FALSE) -> 2 | O30: =VLOOKUP(4,AD26:AN29,6,FALSE) & " - " & VLOOKUP(4,AD26:AN29,7,FALSE) -> 3 - 5 | P30: =L30*3+M30 -> 3 | R30: =DATE(2026,6,17)+TIME(15,0,0)+gmt_delta -> 46191.083 | S30: =IF(OR(F30="",G30=""),"",IF(F30>G30,E30&"_win",IF(F30<G30,E30&"_lose",E30&"_draw"))) -> Uzbekistan_lose | T30: =IF(S30="","",IF(F30<G30,H30&"_win",IF(F30>G30,H30&"_lose",H30&"_draw"))) -> Colombia_win | U30: =IF(S30="",0,IF(VLOOKUP(E30,$AE$8:$AN$77,10,FALSE)=VLOOKUP(H30,$AE$8:$AN$77,10,FALSE),1,0)) -> 0 | V30: =U30*F30 -> 0 | W30: =U30*G30 -> 0 | X30: =IF(S30="",0,IF(VLOOKUP(E30,$AE$8:$AO$77,11,FALSE)=VLOOKUP(H30,$AE$8:$AO$77,11,FALSE),1,0)) -> 0 | Y30: =X30*F30 -> 0 | Z30: =X30*G30 -> 0 | AA30: =IF(OR(E30=my_team,H30=my_team),1,IF(INT(MATCH(E30,$AE$8:$AE$78,0)/6)=$AA$6,1,0)) -> 0 | AB30: =IF(OR(F30="",G30=""),"",IF(F30>G30,1,IF(F30<G30,-1,0))) -> -1 | AF30: =MAX(AF26:AF29)-MIN(AF26:AF29)+1 -> 2 | AG30: =MAX(AG26:AG29)-MIN(AG26:AG29)+1 -> 2 | AH30: =MAX(AH26:AH29)-MIN(AH26:AH29)+1 -> 2 | AI30: =MAX(AI26:AI29)+1 -> 9 | AL30: =MIN(AL26:AL29) -> -2 | AM30: =MAX(AM26:AM29)+1 -> 7 | AN30: =MAX(AN26:AN29)+1 -> 7 | AO30: =MAX(AO26:AO29)+1 -> 9.5714286 | AP30: =MAX(AP26:AP29)+1 -> 85714296 | AT30: =MAX(AT26:AT29)-MIN(AT26:AT29)+1 -> 1 | AU30: =MAX(AU26:AU29)-MIN(AU26:AU29)+1 -> 2 | AV30: =MAX(AV26:AV29)-MIN(AV26:AV29)+1 -> 1 | AW30: =MAX(AW26:AW29)-MIN(AW26:AW29)+1 -> 1 | AY30: =MAX(AY26:AY29)-MIN(AY26:AY29)+1 -> 1 | AZ30: =MAX(AZ26:AZ29)+1 -> 51 | BB30: =MAX(BB26:BB29)-MIN(BB26:BB29)+1 -> 1 | BC30: =MAX(BC26:BC29)-MIN(BC26:BC29)+1 -> 2 | BD30: =MAX(BD26:BD29)-MIN(BD26:BD29)+1 -> 1 | BE30: =MAX(BE26:BE29)-MIN(BE26:BE29)+1 -> 1 | BG30: =MAX(BG26:BG29)-MIN(BG26:BG29)+1 -> 1 | BH30: =MAX(BH26:BH29)+1 -> 51 | BK30: 84 | BL30: =AS50 -> Spain | BM30: 3 | BP30: =IF(OR(BM30="",BM31="",AND(BN30="",BN31<>""),AND(BN31="",BN30<>""),AND(BO30="",BO31<>""),AND(BO31="",BO30<>"")),"",BM30*1000+BN30*10+BO30) -> 3000
A31: 25 | B31: {=INDEX(T,18+INT(MOD(R31-1,7)),lang)} -> Thu | C31: {=INDEX(T,24+MONTH(R31),lang) & " " & DAY(R31) & ", " & YEAR(R31)} -> Jun 18, 2026 | D31: =TIME(HOUR(R31),MINUTE(R31),0) -> 0.66666667 | E31: =AE11 -> Czech Republic | F31: 1 | G31: 1 | H31: =AE9 -> South Africa | R31: =DATE(2026,6,18)+TIME(5,0,0)+gmt_delta -> 46191.667 | S31: =IF(OR(F31="",G31=""),"",IF(F31>G31,E31&"_win",IF(F31<G31,E31&"_lose",E31&"_draw"))) -> Czech Republic_draw | T31: =IF(S31="","",IF(F31<G31,H31&"_win",IF(F31>G31,H31&"_lose",H31&"_draw"))) -> South Africa_draw | U31: =IF(S31="",0,IF(VLOOKUP(E31,$AE$8:$AN$77,10,FALSE)=VLOOKUP(H31,$AE$8:$AN$77,10,FALSE),1,0)) -> 0 | V31: =U31*F31 -> 0 | W31: =U31*G31 -> 0 | X31: =IF(S31="",0,IF(VLOOKUP(E31,$AE$8:$AO$77,11,FALSE)=VLOOKUP(H31,$AE$8:$AO$77,11,FALSE),1,0)) -> 0 | Y31: =X31*F31 -> 0 | Z31: =X31*G31 -> 0 | AA31: =IF(OR(E31=my_team,H31=my_team),1,IF(INT(MATCH(E31,$AE$8:$AE$78,0)/6)=$AA$6,1,0)) -> 0 | AB31: =IF(OR(F31="",G31=""),"",IF(F31>G31,1,IF(F31<G31,-1,0))) -> 0 | BL31: =AS63 -> Austria | BM31: 0 | BP31: =IF(BP30="","",BM31*1000+BN31*10+BO31) -> 0 | BY31: {=INDEX(T,24+MONTH(CD31),lang) & " " & DAY(CD31) & ", " & YEAR(CD31) & " " & (IF(HOUR(CD31)<10,0,"")&HOUR(CD31)) & ":" & (IF(MINUTE(CD31)<10,0,"")&MINUTE(CD31))} -> Jul 10, 2026 19:00 | CD31: =DATE(2026,7,10)+TIME(8,0,0)+gmt_delta -> 46213.792
A32: 26 | B32: {=INDEX(T,18+INT(MOD(R32-1,7)),lang)} -> Thu | C32: {=INDEX(T,24+MONTH(R32),lang) & " " & DAY(R32) & ", " & YEAR(R32)} -> Jun 18, 2026 | D32: =TIME(HOUR(R32),MINUTE(R32),0) -> 0.79166667 | E32: =AE17 -> Switzerland | F32: 4 | G32: 1 | H32: =AE15 -> Bosnia and Herzegovina | J32: {=INDEX(T,9,lang) & " " & "E"} -> Group E | K32: {=INDEX(T,10,lang)} -> PL | L32: {=INDEX(T,11,lang)} -> W | M32: {=INDEX(T,12,lang)} -> DRAW | N32: {=INDEX(T,13,lang)} -> L | O32: {=INDEX(T,14,lang)} -> GF - GA | P32: {=INDEX(T,15,lang)} -> PNT | R32: =DATE(2026,6,18)+TIME(8,0,0)+gmt_delta -> 46191.792 | S32: =IF(OR(F32="",G32=""),"",IF(F32>G32,E32&"_win",IF(F32<G32,E32&"_lose",E32&"_draw"))) -> Switzerland_win | T32: =IF(S32="","",IF(F32<G32,H32&"_win",IF(F32>G32,H32&"_lose",H32&"_draw"))) -> Bosnia and Herzegovina_lose | U32: =IF(S32="",0,IF(VLOOKUP(E32,$AE$8:$AN$77,10,FALSE)=VLOOKUP(H32,$AE$8:$AN$77,10,FALSE),1,0)) -> 0 | V32: =U32*F32 -> 0 | W32: =U32*G32 -> 0 | X32: =IF(S32="",0,IF(VLOOKUP(E32,$AE$8:$AO$77,11,FALSE)=VLOOKUP(H32,$AE$8:$AO$77,11,FALSE),1,0)) -> 0 | Y32: =X32*F32 -> 0 | Z32: =X32*G32 -> 0 | AA32: =IF(OR(E32=my_team,H32=my_team),1,IF(INT(MATCH(E32,$AE$8:$AE$78,0)/6)=$AA$6,1,0)) -> 0 | AB32: =IF(OR(F32="",G32=""),"",IF(F32>G32,1,IF(F32<G32,-1,0))) -> 1 | AD32: =COUNTIF(AR32:AR35,CONCATENATE(">=",AR32)) -> 1 | AE32: =VLOOKUP("Germany",T,lang,FALSE) -> Germany | AF32: =COUNTIF($S$7:$T$78,"=" & AE32 & "_win") -> 2 | AG32: =COUNTIF($S$7:$T$78,"=" & AE32 & "_draw") -> 0 | AH32: =COUNTIF($S$7:$T$78,"=" & AE32 & "_lose") -> 1 | AI32: =SUMIF($E$7:$E$78,$AE32,$F$7:$F$78) + SUMIF($H$7:$H$78,$AE32,$G$7:$G$78) -> 10 | AJ32: =SUMIF($E$7:$E$78,$AE32,$G$7:$G$78) + SUMIF($H$7:$H$78,$AE32,$F$7:$F$78) -> 4 | AL32: =AI32-AJ32 -> 6 | AM32: =AL32-AL36 -> 14 | AN32: =AF32*3+AG32 -> 6 | AO32: =AN32/AN36*10+BA32 -> 9.5694614 | AP32: =AO32*10000000+BI32*100+AM32/AM36*10+AI32/AI36*1++IF(AQ32=0,ROW(),AQ32)/2000000 -> 95694624 | AQ32: =VLOOKUP(AE32,db_fifarank,2,FALSE) -> 1730.37 | AR32: =AP32/AP36 -> 0.99999999 | AS32: =IF(SUM(AF32:AH35)=12,J33,"1E") -> Germany | AT32: {=SUMPRODUCT(($S$7:$S$78=AE32&"_win")*($U$7:$U$78))+SUMPRODUCT(($T$7:$T$78=AE32&"_win")*($U$7:$U$78))} -> 1 | AU32: {=SUMPRODUCT(($S$7:$S$78=AE32&"_draw")*($U$7:$U$78))+SUMPRODUCT(($T$7:$T$78=AE32&"_draw")*($U$7:$U$78))} -> 0 | AV32: {=SUMPRODUCT(($E$7:$E$78=AE32)*($U$7:$U$78)*($F$7:$F$78))+SUMPRODUCT(($H$7:$H$78=AE32)*($U$7:$U$78)*($G$7:$G$78))} -> 2 | AW32: {=SUMPRODUCT(($E$7:$E$78=AE32)*($U$7:$U$78)*($G$7:$G$78))+SUMPRODUCT(($H$7:$H$78=AE32)*($U$7:$U$78)*($F$7:$F$78))} -> 1 | AX32: =AV32-AW32 -> 1 | AY32: =AX32-MIN(AX32:AX35) -> 2 | AZ32: =AT32/AT36*1000+AU32/AU36*100+AY32/AY36*10+AV32/AV36 -> 507.33333 | BA32: =AZ32/AZ36 -> 0.99803279 | BB32: {=SUMPRODUCT(($S$7:$S$78=AE32&"_win")*($X$7:$X$78))+SUMPRODUCT(($T$7:$T$78=AE32&"_win")*($X$7:$X$78))} -> 0 | BC32: {=SUMPRODUCT(($S$7:$S$78=AE32&"_draw")*($X$7:$X$78))+SUMPRODUCT(($T$7:$T$78=AE32&"_draw")*($X$7:$X$78))} -> 0 | BD32: {=SUMPRODUCT(($E$7:$E$78=AE32)*($X$7:$X$78)*($F$7:$F$78))+SUMPRODUCT(($H$7:$H$78=AE32)*($X$7:$X$78)*($G$7:$G$78))} -> 0 | BE32: {=SUMPRODUCT(($E$7:$E$78=AE32)*($X$7:$X$78)*($G$7:$G$78))+SUMPRODUCT(($H$7:$H$78=AE32)*($X$7:$X$78)*($F$7:$F$78))} -> 0 | BF32: =BD32-BE32 -> 0 | BG32: =BF32-MIN(BF32:BF35) -> 0 | BH32: =BB32/BB36*1000+BC32/BC36*100+BG32/BG36*10+BD32/BD36 -> 0 | BI32: =BH32/BH36 -> 0 | BY32: 98 | BZ32: =IF(BW28>BW29,BS28,IF(BW28<BW29,BS29,"")) -> Spain | CD32: =IF(OR(CA32="",CA33="",AND(CB32="",CB33<>""),AND(CB33="",CB32<>""),AND(CC32="",CC33<>""),AND(CC33="",CC32<>"")),"",CA32*1000+CB32*10+CC32)
A33: 27 | B33: {=INDEX(T,18+INT(MOD(R33-1,7)),lang)} -> Thu | C33: {=INDEX(T,24+MONTH(R33),lang) & " " & DAY(R33) & ", " & YEAR(R33)} -> Jun 18, 2026 | D33: =TIME(HOUR(R33),MINUTE(R33),0) -> 0.91666667 | E33: =AE14 -> Canada | F33: 6 | G33: 0 | H33: =AE16 -> Qatar | J33: =VLOOKUP(1,AD32:AN35,2,FALSE) -> Germany | K33: =L33+M33+N33 -> 3 | L33: =VLOOKUP(1,AD32:AN35,3,FALSE) -> 2 | M33: =VLOOKUP(1,AD32:AN35,4,FALSE) -> 0 | N33: =VLOOKUP(1,AD32:AN35,5,FALSE) -> 1 | O33: =VLOOKUP(1,AD32:AN35,6,FALSE) & " - " & VLOOKUP(1,AD32:AN35,7,FALSE) -> 10 - 4 | P33: =L33*3+M33 -> 6 | R33: =DATE(2026,6,18)+TIME(11,0,0)+gmt_delta -> 46191.917 | S33: =IF(OR(F33="",G33=""),"",IF(F33>G33,E33&"_win",IF(F33<G33,E33&"_lose",E33&"_draw"))) -> Canada_win | T33: =IF(S33="","",IF(F33<G33,H33&"_win",IF(F33>G33,H33&"_lose",H33&"_draw"))) -> Qatar_lose | U33: =IF(S33="",0,IF(VLOOKUP(E33,$AE$8:$AN$77,10,FALSE)=VLOOKUP(H33,$AE$8:$AN$77,10,FALSE),1,0)) -> 0 | V33: =U33*F33 -> 0 | W33: =U33*G33 -> 0 | X33: =IF(S33="",0,IF(VLOOKUP(E33,$AE$8:$AO$77,11,FALSE)=VLOOKUP(H33,$AE$8:$AO$77,11,FALSE),1,0)) -> 0 | Y33: =X33*F33 -> 0 | Z33: =X33*G33 -> 0 | AA33: =IF(OR(E33=my_team,H33=my_team),1,IF(INT(MATCH(E33,$AE$8:$AE$78,0)/6)=$AA$6,1,0)) -> 0 | AB33: =IF(OR(F33="",G33=""),"",IF(F33>G33,1,IF(F33<G33,-1,0))) -> 1 | AD33: =COUNTIF(AR32:AR35,CONCATENATE(">=",AR33)) -> 4 | AE33: =VLOOKUP("Curaçao",T,lang,FALSE) -> Curaçao | AF33: =COUNTIF($S$7:$T$78,"=" & AE33 & "_win") -> 0 | AG33: =COUNTIF($S$7:$T$78,"=" & AE33 & "_draw") -> 1 | AH33: =COUNTIF($S$7:$T$78,"=" & AE33 & "_lose") -> 2 | AI33: =SUMIF($E$7:$E$78,$AE33,$F$7:$F$78) + SUMIF($H$7:$H$78,$AE33,$G$7:$G$78) -> 1 | AJ33: =SUMIF($E$7:$E$78,$AE33,$G$7:$G$78) + SUMIF($H$7:$H$78,$AE33,$F$7:$F$78) -> 9 | AL33: =AI33-AJ33 -> -8 | AM33: =AL33-AL36 -> 0 | AN33: =AF33*3+AG33 -> 1 | AO33: =AN33/AN36*10+BA33 -> 1.4351288 | AP33: =AO33*10000000+BI33*100+AM33/AM36*10+AI33/AI36*1++IF(AQ33=0,ROW(),AQ33)/2000000 -> 14351288 | AQ33: =VLOOKUP(AE33,db_fifarank,2,FALSE) -> 1294.65 | AR33: =AP33/AP36 -> 0.14996964 | AS33: =IF(SUM(AF32:AH35)=12,J34,"2E") -> Ivory Coast | AT33: {=SUMPRODUCT(($S$7:$S$78=AE33&"_win")*($U$7:$U$78))+SUMPRODUCT(($T$7:$T$78=AE33&"_win")*($U$7:$U$78))} -> 0 | AU33: {=SUMPRODUCT(($S$7:$S$78=AE33&"_draw")*($U$7:$U$78))+SUMPRODUCT(($T$7:$T$78=AE33&"_draw")*($U$7:$U$78))} -> 0 | AV33: {=SUMPRODUCT(($E$7:$E$78=AE33)*($U$7:$U$78)*($F$7:$F$78))+SUMPRODUCT(($H$7:$H$78=AE33)*($U$7:$U$78)*($G$7:$G$78))} -> 0 | AW33: {=SUMPRODUCT(($E$7:$E$78=AE33)*($U$7:$U$78)*($G$7:$G$78))+SUMPRODUCT(($H$7:$H$78=AE33)*($U$7:$U$78)*($F$7:$F$78))} -> 0 | AX33: =AV33-AW33 -> 0 | AY33: =AX33-MIN(AX32:AX35) -> 1 | AZ33: =AT33/AT36*1000+AU33/AU36*100+AY33/AY36*10+AV33/AV36 -> 3.3333333 | BA33: =AZ33/AZ36 -> 0.006557377 | BB33: {=SUMPRODUCT(($S$7:$S$78=AE33&"_win")*($X$7:$X$78))+SUMPRODUCT(($T$7:$T$78=AE33&"_win")*($X$7:$X$78))} -> 0 | BC33: {=SUMPRODUCT(($S$7:$S$78=AE33&"_draw")*($X$7:$X$78))+SUMPRODUCT(($T$7:$T$78=AE33&"_draw")*($X$7:$X$78))} -> 0 | BD33: {=SUMPRODUCT(($E$7:$E$78=AE33)*($X$7:$X$78)*($F$7:$F$78))+SUMPRODUCT(($H$7:$H$78=AE33)*($X$7:$X$78)*($G$7:$G$78))} -> 0 | BE33: {=SUMPRODUCT(($E$7:$E$78=AE33)*($X$7:$X$78)*($G$7:$G$78))+SUMPRODUCT(($H$7:$H$78=AE33)*($X$7:$X$78)*($F$7:$F$78))} -> 0 | BF33: =BD33-BE33 -> 0 | BG33: =BF33-MIN(BF32:BF35) -> 0 | BH33: =BB33/BB36*1000+BC33/BC36*100+BG33/BG36*10+BD33/BD36 -> 0 | BI33: =BH33/BH36 -> 0 | BK33: {=INDEX(T,24+MONTH(BP33),lang) & " " & DAY(BP33) & ", " & YEAR(BP33) & " " & (IF(HOUR(BP33)<10,0,"")&HOUR(BP33)) & ":" & (IF(MINUTE(BP33)<10,0,"")&MINUTE(BP33))} -> Jul 2, 2026 00:00 | BP33: =DATE(2026,7,1)+TIME(13,0,0)+gmt_delta -> 46205 | BZ33: =IF(BW36>BW37,BS36,IF(BW36<BW37,BS37,"")) | CD33: =IF(CD32="","",CA33*1000+CB33*10+CC33) | CM33: {=INDEX(T,8,lang)} -> Final
A34: 28 | B34: {=INDEX(T,18+INT(MOD(R34-1,7)),lang)} -> Fri | C34: {=INDEX(T,24+MONTH(R34),lang) & " " & DAY(R34) & ", " & YEAR(R34)} -> Jun 19, 2026 | D34: =TIME(HOUR(R34),MINUTE(R34),0) -> 0.041666667 | E34: =AE8 -> Mexico | F34: 1 | G34: 0 | H34: =AE10 -> Korea Republic | J34: =VLOOKUP(2,AD32:AN35,2,FALSE) -> Ivory Coast | K34: =L34+M34+N34 -> 3 | L34: =VLOOKUP(2,AD32:AN35,3,FALSE) -> 2 | M34: =VLOOKUP(2,AD32:AN35,4,FALSE) -> 0 | N34: =VLOOKUP(2,AD32:AN35,5,FALSE) -> 1 | O34: =VLOOKUP(2,AD32:AN35,6,FALSE) & " - " & VLOOKUP(2,AD32:AN35,7,FALSE) -> 4 - 2 | P34: =L34*3+M34 -> 6 | R34: =DATE(2026,6,18)+TIME(14,0,0)+gmt_delta -> 46192.042 | S34: =IF(OR(F34="",G34=""),"",IF(F34>G34,E34&"_win",IF(F34<G34,E34&"_lose",E34&"_draw"))) -> Mexico_win | T34: =IF(S34="","",IF(F34<G34,H34&"_win",IF(F34>G34,H34&"_lose",H34&"_draw"))) -> Korea Republic_lose | U34: =IF(S34="",0,IF(VLOOKUP(E34,$AE$8:$AN$77,10,FALSE)=VLOOKUP(H34,$AE$8:$AN$77,10,FALSE),1,0)) -> 0 | V34: =U34*F34 -> 0 | W34: =U34*G34 -> 0 | X34: =IF(S34="",0,IF(VLOOKUP(E34,$AE$8:$AO$77,11,FALSE)=VLOOKUP(H34,$AE$8:$AO$77,11,FALSE),1,0)) -> 0 | Y34: =X34*F34 -> 0 | Z34: =X34*G34 -> 0 | AA34: =IF(OR(E34=my_team,H34=my_team),1,IF(INT(MATCH(E34,$AE$8:$AE$78,0)/6)=$AA$6,1,0)) -> 0 | AB34: =IF(OR(F34="",G34=""),"",IF(F34>G34,1,IF(F34<G34,-1,0))) -> 1 | AD34: =COUNTIF(AR32:AR35,CONCATENATE(">=",AR34)) -> 2 | AE34: =VLOOKUP("Ivory Coast",T,lang,FALSE) -> Ivory Coast | AF34: =COUNTIF($S$7:$T$78,"=" & AE34 & "_win") -> 2 | AG34: =COUNTIF($S$7:$T$78,"=" & AE34 & "_draw") -> 0 | AH34: =COUNTIF($S$7:$T$78,"=" & AE34 & "_lose") -> 1 | AI34: =SUMIF($E$7:$E$78,$AE34,$F$7:$F$78) + SUMIF($H$7:$H$78,$AE34,$G$7:$G$78) -> 4 | AJ34: =SUMIF($E$7:$E$78,$AE34,$G$7:$G$78) + SUMIF($H$7:$H$78,$AE34,$F$7:$F$78) -> 2 | AL34: =AI34-AJ34 -> 2 | AM34: =AL34-AL36 -> 10 | AN34: =AF34*3+AG34 -> 6 | AO34: =AN34/AN36*10+BA34 -> 8.5720843 | AP34: =AO34*10000000+BI34*100+AM34/AM36*10+AI34/AI36*1++IF(AQ34=0,ROW(),AQ34)/2000000 -> 85720850 | AQ34: =VLOOKUP(AE34,db_fifarank,2,FALSE) -> 1532.98 | AR34: =AP34/AP36 -> 0.89577497 | AT34: {=SUMPRODUCT(($S$7:$S$78=AE34&"_win")*($U$7:$U$78))+SUMPRODUCT(($T$7:$T$78=AE34&"_win")*($U$7:$U$78))} -> 0 | AU34: {=SUMPRODUCT(($S$7:$S$78=AE34&"_draw")*($U$7:$U$78))+SUMPRODUCT(($T$7:$T$78=AE34&"_draw")*($U$7:$U$78))} -> 0 | AV34: {=SUMPRODUCT(($E$7:$E$78=AE34)*($U$7:$U$78)*($F$7:$F$78))+SUMPRODUCT(($H$7:$H$78=AE34)*($U$7:$U$78)*($G$7:$G$78))} -> 1 | AW34: {=SUMPRODUCT(($E$7:$E$78=AE34)*($U$7:$U$78)*($G$7:$G$78))+SUMPRODUCT(($H$7:$H$78=AE34)*($U$7:$U$78)*($F$7:$F$78))} -> 2 | AX34: =AV34-AW34 -> -1 | AY34: =AX34-MIN(AX32:AX35) -> 0 | AZ34: =AT34/AT36*1000+AU34/AU36*100+AY34/AY36*10+AV34/AV36 -> 0.33333333 | BA34: =AZ34/AZ36 -> 0.0006557377 | BB34: {=SUMPRODUCT(($S$7:$S$78=AE34&"_win")*($X$7:$X$78))+SUMPRODUCT(($T$7:$T$78=AE34&"_win")*($X$7:$X$78))} -> 0 | BC34: {=SUMPRODUCT(($S$7:$S$78=AE34&"_draw")*($X$7:$X$78))+SUMPRODUCT(($T$7:$T$78=AE34&"_draw")*($X$7:$X$78))} -> 0 | BD34: {=SUMPRODUCT(($E$7:$E$78=AE34)*($X$7:$X$78)*($F$7:$F$78))+SUMPRODUCT(($H$7:$H$78=AE34)*($X$7:$X$78)*($G$7:$G$78))} -> 0 | BE34: {=SUMPRODUCT(($E$7:$E$78=AE34)*($X$7:$X$78)*($G$7:$G$78))+SUMPRODUCT(($H$7:$H$78=AE34)*($X$7:$X$78)*($F$7:$F$78))} -> 0 | BF34: =BD34-BE34 -> 0 | BG34: =BF34-MIN(BF32:BF35) -> 0 | BH34: =BB34/BB36*1000+BC34/BC36*100+BG34/BG36*10+BD34/BD36 -> 0 | BI34: =BH34/BH36 -> 0 | BK34: 81 | BL34: =AS26 -> United States | BM34: 2 | BP34: =IF(OR(BM34="",BM35="",AND(BN34="",BN35<>""),AND(BN35="",BN34<>""),AND(BO34="",BO35<>""),AND(BO35="",BO34<>"")),"",BM34*1000+BN34*10+BO34) -> 2000
A35: 29 | B35: {=INDEX(T,18+INT(MOD(R35-1,7)),lang)} -> Sat | C35: {=INDEX(T,24+MONTH(R35),lang) & " " & DAY(R35) & ", " & YEAR(R35)} -> Jun 20, 2026 | D35: =TIME(HOUR(R35),MINUTE(R35),0) -> 0.020833333 | E35: =AE20 -> Brazil | F35: 3 | G35: 0 | H35: =AE22 -> Haiti | J35: =VLOOKUP(3,AD32:AN35,2,FALSE) -> Ecuador | K35: =L35+M35+N35 -> 3 | L35: =VLOOKUP(3,AD32:AN35,3,FALSE) -> 1 | M35: =VLOOKUP(3,AD32:AN35,4,FALSE) -> 1 | N35: =VLOOKUP(3,AD32:AN35,5,FALSE) -> 1 | O35: =VLOOKUP(3,AD32:AN35,6,FALSE) & " - " & VLOOKUP(3,AD32:AN35,7,FALSE) -> 2 - 2 | P35: =L35*3+M35 -> 4 | R35: =DATE(2026,6,19)+TIME(13,30,0)+gmt_delta -> 46193.021 | S35: =IF(OR(F35="",G35=""),"",IF(F35>G35,E35&"_win",IF(F35<G35,E35&"_lose",E35&"_draw"))) -> Brazil_win | T35: =IF(S35="","",IF(F35<G35,H35&"_win",IF(F35>G35,H35&"_lose",H35&"_draw"))) -> Haiti_lose | U35: =IF(S35="",0,IF(VLOOKUP(E35,$AE$8:$AN$77,10,FALSE)=VLOOKUP(H35,$AE$8:$AN$77,10,FALSE),1,0)) -> 0 | V35: =U35*F35 -> 0 | W35: =U35*G35 -> 0 | X35: =IF(S35="",0,IF(VLOOKUP(E35,$AE$8:$AO$77,11,FALSE)=VLOOKUP(H35,$AE$8:$AO$77,11,FALSE),1,0)) -> 0 | Y35: =X35*F35 -> 0 | Z35: =X35*G35 -> 0 | AA35: =IF(OR(E35=my_team,H35=my_team),1,IF(INT(MATCH(E35,$AE$8:$AE$78,0)/6)=$AA$6,1,0)) -> 0 | AB35: =IF(OR(F35="",G35=""),"",IF(F35>G35,1,IF(F35<G35,-1,0))) -> 1 | AD35: =COUNTIF(AR32:AR35,CONCATENATE(">=",AR35)) -> 3 | AE35: =VLOOKUP("Ecuador",T,lang,FALSE) -> Ecuador | AF35: =COUNTIF($S$7:$T$78,"=" & AE35 & "_win") -> 1 | AG35: =COUNTIF($S$7:$T$78,"=" & AE35 & "_draw") -> 1 | AH35: =COUNTIF($S$7:$T$78,"=" & AE35 & "_lose") -> 1 | AI35: =SUMIF($E$7:$E$78,$AE35,$F$7:$F$78) + SUMIF($H$7:$H$78,$AE35,$G$7:$G$78) -> 2 | AJ35: =SUMIF($E$7:$E$78,$AE35,$G$7:$G$78) + SUMIF($H$7:$H$78,$AE35,$F$7:$F$78) -> 2 | AL35: =AI35-AJ35 -> 0 | AM35: =AL35-AL36 -> 8 | AN35: =AF35*3+AG35 -> 4 | AO35: =AN35/AN36*10+BA35 -> 5.7208431 | AP35: =AO35*10000000+BI35*100+AM35/AM36*10+AI35/AI36*1++IF(AQ35=0,ROW(),AQ35)/2000000 -> 57208436 | AQ35: =VLOOKUP(AE35,db_fifarank,2,FALSE) -> 1594.78 | AR35: =AP35/AP36 -> 0.59782288 | AT35: {=SUMPRODUCT(($S$7:$S$78=AE35&"_win")*($U$7:$U$78))+SUMPRODUCT(($T$7:$T$78=AE35&"_win")*($U$7:$U$78))} -> 0 | AU35: {=SUMPRODUCT(($S$7:$S$78=AE35&"_draw")*($U$7:$U$78))+SUMPRODUCT(($T$7:$T$78=AE35&"_draw")*($U$7:$U$78))} -> 0 | AV35: {=SUMPRODUCT(($E$7:$E$78=AE35)*($U$7:$U$78)*($F$7:$F$78))+SUMPRODUCT(($H$7:$H$78=AE35)*($U$7:$U$78)*($G$7:$G$78))} -> 0 | AW35: {=SUMPRODUCT(($E$7:$E$78=AE35)*($U$7:$U$78)*($G$7:$G$78))+SUMPRODUCT(($H$7:$H$78=AE35)*($U$7:$U$78)*($F$7:$F$78))} -> 0 | AX35: =AV35-AW35 -> 0 | AY35: =AX35-MIN(AX32:AX35) -> 1 | AZ35: =AT35/AT36*1000+AU35/AU36*100+AY35/AY36*10+AV35/AV36 -> 3.3333333 | BA35: =AZ35/AZ36 -> 0.006557377 | BB35: {=SUMPRODUCT(($S$7:$S$78=AE35&"_win")*($X$7:$X$78))+SUMPRODUCT(($T$7:$T$78=AE35&"_win")*($X$7:$X$78))} -> 0 | BC35: {=SUMPRODUCT(($S$7:$S$78=AE35&"_draw")*($X$7:$X$78))+SUMPRODUCT(($T$7:$T$78=AE35&"_draw")*($X$7:$X$78))} -> 0 | BD35: {=SUMPRODUCT(($E$7:$E$78=AE35)*($X$7:$X$78)*($F$7:$F$78))+SUMPRODUCT(($H$7:$H$78=AE35)*($X$7:$X$78)*($G$7:$G$78))} -> 0 | BE35: {=SUMPRODUCT(($E$7:$E$78=AE35)*($X$7:$X$78)*($G$7:$G$78))+SUMPRODUCT(($H$7:$H$78=AE35)*($X$7:$X$78)*($F$7:$F$78))} -> 0 | BF35: =BD35-BE35 -> 0 | BG35: =BF35-MIN(BF32:BF35) -> 0 | BH35: =BB35/BB36*1000+BC35/BC36*100+BG35/BG36*10+BD35/BD36 -> 0 | BI35: =BH35/BH36 -> 0 | BL35: =IF(group_round_completed,VLOOKUP('3rd places'!F3,AK80:AS91,9,FALSE),"3rd Group B/E/F/I/J") -> Bosnia and Herzegovina | BM35: 0 | BP35: =IF(BP34="","",BM35*1000+BN35*10+BO35) -> 0 | BR35: {=INDEX(T,24+MONTH(BW35),lang) & " " & DAY(BW35) & ", " & YEAR(BW35) & " " & (IF(HOUR(BW35)<10,0,"")&HOUR(BW35)) & ":" & (IF(MINUTE(BW35)<10,0,"")&MINUTE(BW35))} -> Jul 7, 2026 00:00 | BW35: =DATE(2026,7,6)+TIME(13,0,0)+gmt_delta -> 46210
A36: 30 | B36: {=INDEX(T,18+INT(MOD(R36-1,7)),lang)} -> Fri | C36: {=INDEX(T,24+MONTH(R36),lang) & " " & DAY(R36) & ", " & YEAR(R36)} -> Jun 19, 2026 | D36: =TIME(HOUR(R36),MINUTE(R36),0) -> 0.91666667 | E36: =AE23 -> Scotland | F36: 0 | G36: 1 | H36: =AE21 -> Morocco | J36: =VLOOKUP(4,AD32:AN35,2,FALSE) -> Curaçao | K36: =L36+M36+N36 -> 3 | L36: =VLOOKUP(4,AD32:AN35,3,FALSE) -> 0 | M36: =VLOOKUP(4,AD32:AN35,4,FALSE) -> 1 | N36: =VLOOKUP(4,AD32:AN35,5,FALSE) -> 2 | O36: =VLOOKUP(4,AD32:AN35,6,FALSE) & " - " & VLOOKUP(4,AD32:AN35,7,FALSE) -> 1 - 9 | P36: =L36*3+M36 -> 1 | R36: =DATE(2026,6,19)+TIME(11,0,0)+gmt_delta -> 46192.917 | S36: =IF(OR(F36="",G36=""),"",IF(F36>G36,E36&"_win",IF(F36<G36,E36&"_lose",E36&"_draw"))) -> Scotland_lose | T36: =IF(S36="","",IF(F36<G36,H36&"_win",IF(F36>G36,H36&"_lose",H36&"_draw"))) -> Morocco_win | U36: =IF(S36="",0,IF(VLOOKUP(E36,$AE$8:$AN$77,10,FALSE)=VLOOKUP(H36,$AE$8:$AN$77,10,FALSE),1,0)) -> 0 | V36: =U36*F36 -> 0 | W36: =U36*G36 -> 0 | X36: =IF(S36="",0,IF(VLOOKUP(E36,$AE$8:$AO$77,11,FALSE)=VLOOKUP(H36,$AE$8:$AO$77,11,FALSE),1,0)) -> 0 | Y36: =X36*F36 -> 0 | Z36: =X36*G36 -> 0 | AA36: =IF(OR(E36=my_team,H36=my_team),1,IF(INT(MATCH(E36,$AE$8:$AE$78,0)/6)=$AA$6,1,0)) -> 0 | AB36: =IF(OR(F36="",G36=""),"",IF(F36>G36,1,IF(F36<G36,-1,0))) -> -1 | AF36: =MAX(AF32:AF35)-MIN(AF32:AF35)+1 -> 3 | AG36: =MAX(AG32:AG35)-MIN(AG32:AG35)+1 -> 2 | AH36: =MAX(AH32:AH35)-MIN(AH32:AH35)+1 -> 2 | AI36: =MAX(AI32:AI35)+1 -> 11 | AL36: =MIN(AL32:AL35) -> -8 | AM36: =MAX(AM32:AM35)+1 -> 15 | AN36: =MAX(AN32:AN35)+1 -> 7 | AO36: =MAX(AO32:AO35)+1 -> 10.569461 | AP36: =MAX(AP32:AP35)+1 -> 95694625 | AT36: =MAX(AT32:AT35)-MIN(AT32:AT35)+1 -> 2 | AU36: =MAX(AU32:AU35)-MIN(AU32:AU35)+1 -> 1 | AV36: =MAX(AV32:AV35)-MIN(AV32:AV35)+1 -> 3 | AW36: =MAX(AW32:AW35)-MIN(AW32:AW35)+1 -> 3 | AY36: =MAX(AY32:AY35)-MIN(AY32:AY35)+1 -> 3 | AZ36: =MAX(AZ32:AZ35)+1 -> 508.33333 | BB36: =MAX(BB32:BB35)-MIN(BB32:BB35)+1 -> 1 | BC36: =MAX(BC32:BC35)-MIN(BC32:BC35)+1 -> 1 | BD36: =MAX(BD32:BD35)-MIN(BD32:BD35)+1 -> 1 | BE36: =MAX(BE32:BE35)-MIN(BE32:BE35)+1 -> 1 | BG36: =MAX(BG32:BG35)-MIN(BG32:BG35)+1 -> 1 | BH36: =MAX(BH32:BH35)+1 -> 1 | BR36: 94 | BS36: =IF(BP34>BP35,BL34,IF(BP34<BP35,BL35,"")) -> United States | BW36: =IF(OR(BT36="",BT37="",AND(BU36="",BU37<>""),AND(BU37="",BU36<>""),AND(BV36="",BV37<>""),AND(BV37="",BV36<>"")),"",BT36*1000+BU36*10+BV36) | CM36: {=INDEX(T,24+MONTH(CR36),lang) & " " & DAY(CR36) & ", " & YEAR(CR36) & " " & (IF(HOUR(CR36)<10,0,"")&HOUR(CR36)) & ":" & (IF(MINUTE(CR36)<10,0,"")&MINUTE(CR36))} -> Jul 19, 2026 19:00 | CR36: =DATE(2026,7,19)+TIME(8,0,0)+gmt_delta -> 46222.792
A37: 31 | B37: {=INDEX(T,18+INT(MOD(R37-1,7)),lang)} -> Sat | C37: {=INDEX(T,24+MONTH(R37),lang) & " " & DAY(R37) & ", " & YEAR(R37)} -> Jun 20, 2026 | D37: =TIME(HOUR(R37),MINUTE(R37),0) -> 0.125 | E37: =AE26 -> United States | F37: 2 | G37: 0 | H37: =AE28 -> Australia | R37: =DATE(2026,6,19)+TIME(16,0,0)+gmt_delta -> 46193.125 | S37: =IF(OR(F37="",G37=""),"",IF(F37>G37,E37&"_win",IF(F37<G37,E37&"_lose",E37&"_draw"))) -> United States_win | T37: =IF(S37="","",IF(F37<G37,H37&"_win",IF(F37>G37,H37&"_lose",H37&"_draw"))) -> Australia_lose | U37: =IF(S37="",0,IF(VLOOKUP(E37,$AE$8:$AN$77,10,FALSE)=VLOOKUP(H37,$AE$8:$AN$77,10,FALSE),1,0)) -> 0 | V37: =U37*F37 -> 0 | W37: =U37*G37 -> 0 | X37: =IF(S37="",0,IF(VLOOKUP(E37,$AE$8:$AO$77,11,FALSE)=VLOOKUP(H37,$AE$8:$AO$77,11,FALSE),1,0)) -> 0 | Y37: =X37*F37 -> 0 | Z37: =X37*G37 -> 0 | AA37: =IF(OR(E37=my_team,H37=my_team),1,IF(INT(MATCH(E37,$AE$8:$AE$78,0)/6)=$AA$6,1,0)) -> 0 | AB37: =IF(OR(F37="",G37=""),"",IF(F37>G37,1,IF(F37<G37,-1,0))) -> 1 | BK37: {=INDEX(T,24+MONTH(BP37),lang) & " " & DAY(BP37) & ", " & YEAR(BP37) & " " & (IF(HOUR(BP37)<10,0,"")&HOUR(BP37)) & ":" & (IF(MINUTE(BP37)<10,0,"")&MINUTE(BP37))} -> Jul 1, 2026 20:00 | BP37: =DATE(2026,7,1)+TIME(9,0,0)+gmt_delta -> 46204.833 | BS37: =IF(BP38>BP39,BL38,IF(BP38<BP39,BL39,"")) -> Belgium | BW37: =IF(BW36="","",BT37*1000+BU37*10+BV37) | CM37: 104 | CN37: =IF(CK23>CK24,CG23,IF(CK23<CK24,CG24,"")) | CR37: =IF(OR(CO37="",CO38="",AND(CP37="",CP38<>""),AND(CP38="",CP37<>""),AND(CQ37="",CQ38<>""),AND(CQ38="",CQ37<>"")),"",CO37*1000+CP37*10+CQ37)
A38: 32 | B38: {=INDEX(T,18+INT(MOD(R38-1,7)),lang)} -> Fri | C38: {=INDEX(T,24+MONTH(R38),lang) & " " & DAY(R38) & ", " & YEAR(R38)} -> Jun 19, 2026 | D38: =TIME(HOUR(R38),MINUTE(R38),0) -> 0.79166667 | E38: =AE29 -> Turkey | F38: 0 | G38: 1 | H38: =AE27 -> Paraguay | J38: {=INDEX(T,9,lang) & " " & "F"} -> Group F | K38: {=INDEX(T,10,lang)} -> PL | L38: {=INDEX(T,11,lang)} -> W | M38: {=INDEX(T,12,lang)} -> DRAW | N38: {=INDEX(T,13,lang)} -> L | O38: {=INDEX(T,14,lang)} -> GF - GA | P38: {=INDEX(T,15,lang)} -> PNT | R38: =DATE(2026,6,19)+TIME(8,0,0)+gmt_delta -> 46192.792 | S38: =IF(OR(F38="",G38=""),"",IF(F38>G38,E38&"_win",IF(F38<G38,E38&"_lose",E38&"_draw"))) -> Turkey_lose | T38: =IF(S38="","",IF(F38<G38,H38&"_win",IF(F38>G38,H38&"_lose",H38&"_draw"))) -> Paraguay_win | U38: =IF(S38="",0,IF(VLOOKUP(E38,$AE$8:$AN$77,10,FALSE)=VLOOKUP(H38,$AE$8:$AN$77,10,FALSE),1,0)) -> 0 | V38: =U38*F38 -> 0 | W38: =U38*G38 -> 0 | X38: =IF(S38="",0,IF(VLOOKUP(E38,$AE$8:$AO$77,11,FALSE)=VLOOKUP(H38,$AE$8:$AO$77,11,FALSE),1,0)) -> 0 | Y38: =X38*F38 -> 0 | Z38: =X38*G38 -> 0 | AA38: =IF(OR(E38=my_team,H38=my_team),1,IF(INT(MATCH(E38,$AE$8:$AE$78,0)/6)=$AA$6,1,0)) -> 0 | AB38: =IF(OR(F38="",G38=""),"",IF(F38>G38,1,IF(F38<G38,-1,0))) -> -1 | AD38: =COUNTIF(AR38:AR41,CONCATENATE(">=",AR38)) -> 1 | AE38: =VLOOKUP("Netherlands",T,lang,FALSE) -> Netherlands | AF38: =COUNTIF($S$7:$T$78,"=" & AE38 & "_win") -> 2 | AG38: =COUNTIF($S$7:$T$78,"=" & AE38 & "_draw") -> 1 | AH38: =COUNTIF($S$7:$T$78,"=" & AE38 & "_lose") -> 0 | AI38: =SUMIF($E$7:$E$78,$AE38,$F$7:$F$78) + SUMIF($H$7:$H$78,$AE38,$G$7:$G$78) -> 10 | AJ38: =SUMIF($E$7:$E$78,$AE38,$G$7:$G$78) + SUMIF($H$7:$H$78,$AE38,$F$7:$F$78) -> 4 | AL38: =AI38-AJ38 -> 6 | AM38: =AL38-AL42 -> 16 | AN38: =AF38*3+AG38 -> 7 | AO38: =AN38/AN42*10+BA38 -> 8.75 | AP38: =AO38*10000000+BI38*100+AM38/AM42*10+AI38/AI42*1++IF(AQ38=0,ROW(),AQ38)/2000000 -> 87500010 | AQ38: =VLOOKUP(AE38,db_fifarank,2,FALSE) -> 1757.87 | AR38: =AP38/AP42 -> 0.99999999 | AS38: =IF(SUM(AF38:AH41)=12,J39,"1F") -> Netherlands | AT38: {=SUMPRODUCT(($S$7:$S$78=AE38&"_win")*($U$7:$U$78))+SUMPRODUCT(($T$7:$T$78=AE38&"_win")*($U$7:$U$78))} -> 0 | AU38: {=SUMPRODUCT(($S$7:$S$78=AE38&"_draw")*($U$7:$U$78))+SUMPRODUCT(($T$7:$T$78=AE38&"_draw")*($U$7:$U$78))} -> 0 | AV38: {=SUMPRODUCT(($E$7:$E$78=AE38)*($U$7:$U$78)*($F$7:$F$78))+SUMPRODUCT(($H$7:$H$78=AE38)*($U$7:$U$78)*($G$7:$G$78))} -> 0 | AW38: {=SUMPRODUCT(($E$7:$E$78=AE38)*($U$7:$U$78)*($G$7:$G$78))+SUMPRODUCT(($H$7:$H$78=AE38)*($U$7:$U$78)*($F$7:$F$78))} -> 0 | AX38: =AV38-AW38 -> 0 | AY38: =AX38-MIN(AX38:AX41) -> 0 | AZ38: =AT38/AT42*1000+AU38/AU42*100+AY38/AY42*10+AV38/AV42 -> 0 | BA38: =AZ38/AZ42 -> 0 | BB38: {=SUMPRODUCT(($S$7:$S$78=AE38&"_win")*($X$7:$X$78))+SUMPRODUCT(($T$7:$T$78=AE38&"_win")*($X$7:$X$78))} -> 0 | BC38: {=SUMPRODUCT(($S$7:$S$78=AE38&"_draw")*($X$7:$X$78))+SUMPRODUCT(($T$7:$T$78=AE38&"_draw")*($X$7:$X$78))} -> 0 | BD38: {=SUMPRODUCT(($E$7:$E$78=AE38)*($X$7:$X$78)*($F$7:$F$78))+SUMPRODUCT(($H$7:$H$78=AE38)*($X$7:$X$78)*($G$7:$G$78))} -> 0 | BE38: {=SUMPRODUCT(($E$7:$E$78=AE38)*($X$7:$X$78)*($G$7:$G$78))+SUMPRODUCT(($H$7:$H$78=AE38)*($X$7:$X$78)*($F$7:$F$78))} -> 0 | BF38: =BD38-BE38 -> 0 | BG38: =BF38-MIN(BF38:BF41) -> 0 | BH38: =BB38/BB42*1000+BC38/BC42*100+BG38/BG42*10+BD38/BD42 -> 0 | BI38: =BH38/BH42 -> 0 | BK38: 82 | BL38: =AS44 -> Belgium | BM38: 3 | BP38: =IF(OR(BM38="",BM39="",AND(BN38="",BN39<>""),AND(BN39="",BN38<>""),AND(BO38="",BO39<>""),AND(BO39="",BO38<>"")),"",BM38*1000+BN38*10+BO38) -> 3000 | CN38: =IF(CK55>CK56,CG55,IF(CK55<CK56,CG56,"")) | CR38: =IF(CR37="","",CO38*1000+CP38*10+CQ38)
A39: 33 | B39: {=INDEX(T,18+INT(MOD(R39-1,7)),lang)} -> Sat | C39: {=INDEX(T,24+MONTH(R39),lang) & " " & DAY(R39) & ", " & YEAR(R39)} -> Jun 20, 2026 | D39: =TIME(HOUR(R39),MINUTE(R39),0) -> 0.83333333 | E39: =AE32 -> Germany | F39: 2 | G39: 1 | H39: =AE34 -> Ivory Coast | J39: =VLOOKUP(1,AD38:AN41,2,FALSE) -> Netherlands | K39: =L39+M39+N39 -> 3 | L39: =VLOOKUP(1,AD38:AN41,3,FALSE) -> 2 | M39: =VLOOKUP(1,AD38:AN41,4,FALSE) -> 1 | N39: =VLOOKUP(1,AD38:AN41,5,FALSE) -> 0 | O39: =VLOOKUP(1,AD38:AN41,6,FALSE) & " - " & VLOOKUP(1,AD38:AN41,7,FALSE) -> 10 - 4 | P39: =L39*3+M39 -> 7 | R39: =DATE(2026,6,20)+TIME(9,0,0)+gmt_delta -> 46193.833 | S39: =IF(OR(F39="",G39=""),"",IF(F39>G39,E39&"_win",IF(F39<G39,E39&"_lose",E39&"_draw"))) -> Germany_win | T39: =IF(S39="","",IF(F39<G39,H39&"_win",IF(F39>G39,H39&"_lose",H39&"_draw"))) -> Ivory Coast_lose | U39: =IF(S39="",0,IF(VLOOKUP(E39,$AE$8:$AN$77,10,FALSE)=VLOOKUP(H39,$AE$8:$AN$77,10,FALSE),1,0)) -> 1 | V39: =U39*F39 -> 2 | W39: =U39*G39 -> 1 | X39: =IF(S39="",0,IF(VLOOKUP(E39,$AE$8:$AO$77,11,FALSE)=VLOOKUP(H39,$AE$8:$AO$77,11,FALSE),1,0)) -> 0 | Y39: =X39*F39 -> 0 | Z39: =X39*G39 -> 0 | AA39: =IF(OR(E39=my_team,H39=my_team),1,IF(INT(MATCH(E39,$AE$8:$AE$78,0)/6)=$AA$6,1,0)) -> 0 | AB39: =IF(OR(F39="",G39=""),"",IF(F39>G39,1,IF(F39<G39,-1,0))) -> 1 | AD39: =COUNTIF(AR38:AR41,CONCATENATE(">=",AR39)) -> 2 | AE39: =VLOOKUP("Japan",T,lang,FALSE) -> Japan | AF39: =COUNTIF($S$7:$T$78,"=" & AE39 & "_win") -> 1 | AG39: =COUNTIF($S$7:$T$78,"=" & AE39 & "_draw") -> 2 | AH39: =COUNTIF($S$7:$T$78,"=" & AE39 & "_lose") -> 0 | AI39: =SUMIF($E$7:$E$78,$AE39,$F$7:$F$78) + SUMIF($H$7:$H$78,$AE39,$G$7:$G$78) -> 7 | AJ39: =SUMIF($E$7:$E$78,$AE39,$G$7:$G$78) + SUMIF($H$7:$H$78,$AE39,$F$7:$F$78) -> 3 | AL39: =AI39-AJ39 -> 4 | AM39: =AL39-AL42 -> 14 | AN39: =AF39*3+AG39 -> 5 | AO39: =AN39/AN42*10+BA39 -> 6.25 | AP39: =AO39*10000000+BI39*100+AM39/AM42*10+AI39/AI42*1++IF(AQ39=0,ROW(),AQ39)/2000000 -> 62500009 | AQ39: =VLOOKUP(AE39,db_fifarank,2,FALSE) -> 1660.43 | AR39: =AP39/AP42 -> 0.71428572 | AS39: =IF(SUM(AF38:AH41)=12,J40,"2F") -> Japan | AT39: {=SUMPRODUCT(($S$7:$S$78=AE39&"_win")*($U$7:$U$78))+SUMPRODUCT(($T$7:$T$78=AE39&"_win")*($U$7:$U$78))} -> 0 | AU39: {=SUMPRODUCT(($S$7:$S$78=AE39&"_draw")*($U$7:$U$78))+SUMPRODUCT(($T$7:$T$78=AE39&"_draw")*($U$7:$U$78))} -> 0 | AV39: {=SUMPRODUCT(($E$7:$E$78=AE39)*($U$7:$U$78)*($F$7:$F$78))+SUMPRODUCT(($H$7:$H$78=AE39)*($U$7:$U$78)*($G$7:$G$78))} -> 0 | AW39: {=SUMPRODUCT(($E$7:$E$78=AE39)*($U$7:$U$78)*($G$7:$G$78))+SUMPRODUCT(($H$7:$H$78=AE39)*($U$7:$U$78)*($F$7:$F$78))} -> 0 | AX39: =AV39-AW39 -> 0 | AY39: =AX39-MIN(AX38:AX41) -> 0 | AZ39: =AT39/AT42*1000+AU39/AU42*100+AY39/AY42*10+AV39/AV42 -> 0 | BA39: =AZ39/AZ42 -> 0 | BB39: {=SUMPRODUCT(($S$7:$S$78=AE39&"_win")*($X$7:$X$78))+SUMPRODUCT(($T$7:$T$78=AE39&"_win")*($X$7:$X$78))} -> 0 | BC39: {=SUMPRODUCT(($S$7:$S$78=AE39&"_draw")*($X$7:$X$78))+SUMPRODUCT(($T$7:$T$78=AE39&"_draw")*($X$7:$X$78))} -> 0 | BD39: {=SUMPRODUCT(($E$7:$E$78=AE39)*($X$7:$X$78)*($F$7:$F$78))+SUMPRODUCT(($H$7:$H$78=AE39)*($X$7:$X$78)*($G$7:$G$78))} -> 0 | BE39: {=SUMPRODUCT(($E$7:$E$78=AE39)*($X$7:$X$78)*($G$7:$G$78))+SUMPRODUCT(($H$7:$H$78=AE39)*($X$7:$X$78)*($F$7:$F$78))} -> 0 | BF39: =BD39-BE39 -> 0 | BG39: =BF39-MIN(BF38:BF41) -> 0 | BH39: =BB39/BB42*1000+BC39/BC42*100+BG39/BG42*10+BD39/BD42 -> 0 | BI39: =BH39/BH42 -> 0 | BL39: =IF(group_round_completed,VLOOKUP('3rd places'!H3,AK80:AS91,9,FALSE),"3rd Group A/E/H/I/J") -> Senegal | BM39: 2 | BP39: =IF(BP38="","",BM39*1000+BN39*10+BO39) -> 2000
A40: 34 | B40: {=INDEX(T,18+INT(MOD(R40-1,7)),lang)} -> Sun | C40: {=INDEX(T,24+MONTH(R40),lang) & " " & DAY(R40) & ", " & YEAR(R40)} -> Jun 21, 2026 | D40: =TIME(HOUR(R40),MINUTE(R40),0) -> 0 | E40: =AE35 -> Ecuador | F40: 0 | G40: 0 | H40: =AE33 -> Curaçao | J40: =VLOOKUP(2,AD38:AN41,2,FALSE) -> Japan | K40: =L40+M40+N40 -> 3 | L40: =VLOOKUP(2,AD38:AN41,3,FALSE) -> 1 | M40: =VLOOKUP(2,AD38:AN41,4,FALSE) -> 2 | N40: =VLOOKUP(2,AD38:AN41,5,FALSE) -> 0 | O40: =VLOOKUP(2,AD38:AN41,6,FALSE) & " - " & VLOOKUP(2,AD38:AN41,7,FALSE) -> 7 - 3 | P40: =L40*3+M40 -> 5 | R40: =DATE(2026,6,20)+TIME(13,0,0)+gmt_delta -> 46194 | S40: =IF(OR(F40="",G40=""),"",IF(F40>G40,E40&"_win",IF(F40<G40,E40&"_lose",E40&"_draw"))) -> Ecuador_draw | T40: =IF(S40="","",IF(F40<G40,H40&"_win",IF(F40>G40,H40&"_lose",H40&"_draw"))) -> Curaçao_draw | U40: =IF(S40="",0,IF(VLOOKUP(E40,$AE$8:$AN$77,10,FALSE)=VLOOKUP(H40,$AE$8:$AN$77,10,FALSE),1,0)) -> 0 | V40: =U40*F40 -> 0 | W40: =U40*G40 -> 0 | X40: =IF(S40="",0,IF(VLOOKUP(E40,$AE$8:$AO$77,11,FALSE)=VLOOKUP(H40,$AE$8:$AO$77,11,FALSE),1,0)) -> 0 | Y40: =X40*F40 -> 0 | Z40: =X40*G40 -> 0 | AA40: =IF(OR(E40=my_team,H40=my_team),1,IF(INT(MATCH(E40,$AE$8:$AE$78,0)/6)=$AA$6,1,0)) -> 0 | AB40: =IF(OR(F40="",G40=""),"",IF(F40>G40,1,IF(F40<G40,-1,0))) -> 0 | AD40: =COUNTIF(AR38:AR41,CONCATENATE(">=",AR40)) -> 3 | AE40: =VLOOKUP("Sweden",T,lang,FALSE) -> Sweden | AF40: =COUNTIF($S$7:$T$78,"=" & AE40 & "_win") -> 1 | AG40: =COUNTIF($S$7:$T$78,"=" & AE40 & "_draw") -> 1 | AH40: =COUNTIF($S$7:$T$78,"=" & AE40 & "_lose") -> 1 | AI40: =SUMIF($E$7:$E$78,$AE40,$F$7:$F$78) + SUMIF($H$7:$H$78,$AE40,$G$7:$G$78) -> 7 | AJ40: =SUMIF($E$7:$E$78,$AE40,$G$7:$G$78) + SUMIF($H$7:$H$78,$AE40,$F$7:$F$78) -> 7 | AL40: =AI40-AJ40 -> 0 | AM40: =AL40-AL42 -> 10 | AN40: =AF40*3+AG40 -> 4 | AO40: =AN40/AN42*10+BA40 -> 5 | AP40: =AO40*10000000+BI40*100+AM40/AM42*10+AI40/AI42*1++IF(AQ40=0,ROW(),AQ40)/2000000 -> 50000007 | AQ40: =VLOOKUP(AE40,db_fifarank,2,FALSE) -> 1514.77 | AR40: =AP40/AP42 -> 0.57142857 | AT40: {=SUMPRODUCT(($S$7:$S$78=AE40&"_win")*($U$7:$U$78))+SUMPRODUCT(($T$7:$T$78=AE40&"_win")*($U$7:$U$78))} -> 0 | AU40: {=SUMPRODUCT(($S$7:$S$78=AE40&"_draw")*($U$7:$U$78))+SUMPRODUCT(($T$7:$T$78=AE40&"_draw")*($U$7:$U$78))} -> 0 | AV40: {=SUMPRODUCT(($E$7:$E$78=AE40)*($U$7:$U$78)*($F$7:$F$78))+SUMPRODUCT(($H$7:$H$78=AE40)*($U$7:$U$78)*($G$7:$G$78))} -> 0 | AW40: {=SUMPRODUCT(($E$7:$E$78=AE40)*($U$7:$U$78)*($G$7:$G$78))+SUMPRODUCT(($H$7:$H$78=AE40)*($U$7:$U$78)*($F$7:$F$78))} -> 0 | AX40: =AV40-AW40 -> 0 | AY40: =AX40-MIN(AX38:AX41) -> 0 | AZ40: =AT40/AT42*1000+AU40/AU42*100+AY40/AY42*10+AV40/AV42 -> 0 | BA40: =AZ40/AZ42 -> 0 | BB40: {=SUMPRODUCT(($S$7:$S$78=AE40&"_win")*($X$7:$X$78))+SUMPRODUCT(($T$7:$T$78=AE40&"_win")*($X$7:$X$78))} -> 0 | BC40: {=SUMPRODUCT(($S$7:$S$78=AE40&"_draw")*($X$7:$X$78))+SUMPRODUCT(($T$7:$T$78=AE40&"_draw")*($X$7:$X$78))} -> 0 | BD40: {=SUMPRODUCT(($E$7:$E$78=AE40)*($X$7:$X$78)*($F$7:$F$78))+SUMPRODUCT(($H$7:$H$78=AE40)*($X$7:$X$78)*($G$7:$G$78))} -> 0 | BE40: {=SUMPRODUCT(($E$7:$E$78=AE40)*($X$7:$X$78)*($G$7:$G$78))+SUMPRODUCT(($H$7:$H$78=AE40)*($X$7:$X$78)*($F$7:$F$78))} -> 0 | BF40: =BD40-BE40 -> 0 | BG40: =BF40-MIN(BF38:BF41) -> 0 | BH40: =BB40/BB42*1000+BC40/BC42*100+BG40/BG42*10+BD40/BD42 -> 0 | BI40: =BH40/BH42 -> 0
A41: 35 | B41: {=INDEX(T,18+INT(MOD(R41-1,7)),lang)} -> Sat | C41: {=INDEX(T,24+MONTH(R41),lang) & " " & DAY(R41) & ", " & YEAR(R41)} -> Jun 20, 2026 | D41: =TIME(HOUR(R41),MINUTE(R41),0) -> 0.70833333 | E41: =AE38 -> Netherlands | F41: 5 | G41: 1 | H41: =AE40 -> Sweden | J41: =VLOOKUP(3,AD38:AN41,2,FALSE) -> Sweden | K41: =L41+M41+N41 -> 3 | L41: =VLOOKUP(3,AD38:AN41,3,FALSE) -> 1 | M41: =VLOOKUP(3,AD38:AN41,4,FALSE) -> 1 | N41: =VLOOKUP(3,AD38:AN41,5,FALSE) -> 1 | O41: =VLOOKUP(3,AD38:AN41,6,FALSE) & " - " & VLOOKUP(3,AD38:AN41,7,FALSE) -> 7 - 7 | P41: =L41*3+M41 -> 4 | R41: =DATE(2026,6,20)+TIME(6,0,0)+gmt_delta -> 46193.708 | S41: =IF(OR(F41="",G41=""),"",IF(F41>G41,E41&"_win",IF(F41<G41,E41&"_lose",E41&"_draw"))) -> Netherlands_win | T41: =IF(S41="","",IF(F41<G41,H41&"_win",IF(F41>G41,H41&"_lose",H41&"_draw"))) -> Sweden_lose | U41: =IF(S41="",0,IF(VLOOKUP(E41,$AE$8:$AN$77,10,FALSE)=VLOOKUP(H41,$AE$8:$AN$77,10,FALSE),1,0)) -> 0 | V41: =U41*F41 -> 0 | W41: =U41*G41 -> 0 | X41: =IF(S41="",0,IF(VLOOKUP(E41,$AE$8:$AO$77,11,FALSE)=VLOOKUP(H41,$AE$8:$AO$77,11,FALSE),1,0)) -> 0 | Y41: =X41*F41 -> 0 | Z41: =X41*G41 -> 0 | AA41: =IF(OR(E41=my_team,H41=my_team),1,IF(INT(MATCH(E41,$AE$8:$AE$78,0)/6)=$AA$6,1,0)) -> 0 | AB41: =IF(OR(F41="",G41=""),"",IF(F41>G41,1,IF(F41<G41,-1,0))) -> 1 | AD41: =COUNTIF(AR38:AR41,CONCATENATE(">=",AR41)) -> 4 | AE41: =VLOOKUP("Tunisia",T,lang,FALSE) -> Tunisia | AF41: =COUNTIF($S$7:$T$78,"=" & AE41 & "_win") -> 0 | AG41: =COUNTIF($S$7:$T$78,"=" & AE41 & "_draw") -> 0 | AH41: =COUNTIF($S$7:$T$78,"=" & AE41 & "_lose") -> 3 | AI41: =SUMIF($E$7:$E$78,$AE41,$F$7:$F$78) + SUMIF($H$7:$H$78,$AE41,$G$7:$G$78) -> 2 | AJ41: =SUMIF($E$7:$E$78,$AE41,$G$7:$G$78) + SUMIF($H$7:$H$78,$AE41,$F$7:$F$78) -> 12 | AL41: =AI41-AJ41 -> -10 | AM41: =AL41-AL42 -> 0 | AN41: =AF41*3+AG41 -> 0 | AO41: =AN41/AN42*10+BA41 -> 0 | AP41: =AO41*10000000+BI41*100+AM41/AM42*10+AI41/AI42*1++IF(AQ41=0,ROW(),AQ41)/2000000 -> 0.18255971 | AQ41: =VLOOKUP(AE41,db_fifarank,2,FALSE) -> 1483.05 | AR41: =AP41/AP42 -> 2.0863964e-09 | AT41: {=SUMPRODUCT(($S$7:$S$78=AE41&"_win")*($U$7:$U$78))+SUMPRODUCT(($T$7:$T$78=AE41&"_win")*($U$7:$U$78))} -> 0 | AU41: {=SUMPRODUCT(($S$7:$S$78=AE41&"_draw")*($U$7:$U$78))+SUMPRODUCT(($T$7:$T$78=AE41&"_draw")*($U$7:$U$78))} -> 0 | AV41: {=SUMPRODUCT(($E$7:$E$78=AE41)*($U$7:$U$78)*($F$7:$F$78))+SUMPRODUCT(($H$7:$H$78=AE41)*($U$7:$U$78)*($G$7:$G$78))} -> 0 | AW41: {=SUMPRODUCT(($E$7:$E$78=AE41)*($U$7:$U$78)*($G$7:$G$78))+SUMPRODUCT(($H$7:$H$78=AE41)*($U$7:$U$78)*($F$7:$F$78))} -> 0 | AX41: =AV41-AW41 -> 0 | AY41: =AX41-MIN(AX38:AX41) -> 0 | AZ41: =AT41/AT42*1000+AU41/AU42*100+AY41/AY42*10+AV41/AV42 -> 0 | BA41: =AZ41/AZ42 -> 0 | BB41: {=SUMPRODUCT(($S$7:$S$78=AE41&"_win")*($X$7:$X$78))+SUMPRODUCT(($T$7:$T$78=AE41&"_win")*($X$7:$X$78))} -> 0 | BC41: {=SUMPRODUCT(($S$7:$S$78=AE41&"_draw")*($X$7:$X$78))+SUMPRODUCT(($T$7:$T$78=AE41&"_draw")*($X$7:$X$78))} -> 0 | BD41: {=SUMPRODUCT(($E$7:$E$78=AE41)*($X$7:$X$78)*($F$7:$F$78))+SUMPRODUCT(($H$7:$H$78=AE41)*($X$7:$X$78)*($G$7:$G$78))} -> 0 | BE41: {=SUMPRODUCT(($E$7:$E$78=AE41)*($X$7:$X$78)*($G$7:$G$78))+SUMPRODUCT(($H$7:$H$78=AE41)*($X$7:$X$78)*($F$7:$F$78))} -> 0 | BF41: =BD41-BE41 -> 0 | BG41: =BF41-MIN(BF38:BF41) -> 0 | BH41: =BB41/BB42*1000+BC41/BC42*100+BG41/BG42*10+BD41/BD42 -> 0 | BI41: =BH41/BH42 -> 0 | BK41: {=INDEX(T,24+MONTH(BP41),lang) & " " & DAY(BP41) & ", " & YEAR(BP41) & " " & (IF(HOUR(BP41)<10,0,"")&HOUR(BP41)) & ":" & (IF(MINUTE(BP41)<10,0,"")&MINUTE(BP41))} -> Jun 29, 2026 17:00 | BP41: =DATE(2026,6,29)+TIME(6,0,0)+gmt_delta -> 46202.708
A42: 36 | B42: {=INDEX(T,18+INT(MOD(R42-1,7)),lang)} -> Sun | C42: {=INDEX(T,24+MONTH(R42),lang) & " " & DAY(R42) & ", " & YEAR(R42)} -> Jun 21, 2026 | D42: =TIME(HOUR(R42),MINUTE(R42),0) -> 0.16666667 | E42: =AE41 -> Tunisia | F42: 0 | G42: 4 | H42: =AE39 -> Japan | J42: =VLOOKUP(4,AD38:AN41,2,FALSE) -> Tunisia | K42: =L42+M42+N42 -> 3 | L42: =VLOOKUP(4,AD38:AN41,3,FALSE) -> 0 | M42: =VLOOKUP(4,AD38:AN41,4,FALSE) -> 0 | N42: =VLOOKUP(4,AD38:AN41,5,FALSE) -> 3 | O42: =VLOOKUP(4,AD38:AN41,6,FALSE) & " - " & VLOOKUP(4,AD38:AN41,7,FALSE) -> 2 - 12 | P42: =L42*3+M42 -> 0 | R42: =DATE(2026,6,20)+TIME(17,0,0)+gmt_delta -> 46194.167 | S42: =IF(OR(F42="",G42=""),"",IF(F42>G42,E42&"_win",IF(F42<G42,E42&"_lose",E42&"_draw"))) -> Tunisia_lose | T42: =IF(S42="","",IF(F42<G42,H42&"_win",IF(F42>G42,H42&"_lose",H42&"_draw"))) -> Japan_win | U42: =IF(S42="",0,IF(VLOOKUP(E42,$AE$8:$AN$77,10,FALSE)=VLOOKUP(H42,$AE$8:$AN$77,10,FALSE),1,0)) -> 0 | V42: =U42*F42 -> 0 | W42: =U42*G42 -> 0 | X42: =IF(S42="",0,IF(VLOOKUP(E42,$AE$8:$AO$77,11,FALSE)=VLOOKUP(H42,$AE$8:$AO$77,11,FALSE),1,0)) -> 0 | Y42: =X42*F42 -> 0 | Z42: =X42*G42 -> 0 | AA42: =IF(OR(E42=my_team,H42=my_team),1,IF(INT(MATCH(E42,$AE$8:$AE$78,0)/6)=$AA$6,1,0)) -> 0 | AB42: =IF(OR(F42="",G42=""),"",IF(F42>G42,1,IF(F42<G42,-1,0))) -> -1 | AF42: =MAX(AF38:AF41)-MIN(AF38:AF41)+1 -> 3 | AG42: =MAX(AG38:AG41)-MIN(AG38:AG41)+1 -> 3 | AH42: =MAX(AH38:AH41)-MIN(AH38:AH41)+1 -> 4 | AI42: =MAX(AI38:AI41)+1 -> 11 | AL42: =MIN(AL38:AL41) -> -10 | AM42: =MAX(AM38:AM41)+1 -> 17 | AN42: =MAX(AN38:AN41)+1 -> 8 | AO42: =MAX(AO38:AO41)+1 -> 9.75 | AP42: =MAX(AP38:AP41)+1 -> 87500011 | AT42: =MAX(AT38:AT41)-MIN(AT38:AT41)+1 -> 1 | AU42: =MAX(AU38:AU41)-MIN(AU38:AU41)+1 -> 1 | AV42: =MAX(AV38:AV41)-MIN(AV38:AV41)+1 -> 1 | AW42: =MAX(AW38:AW41)-MIN(AW38:AW41)+1 -> 1 | AY42: =MAX(AY38:AY41)-MIN(AY38:AY41)+1 -> 1 | AZ42: =MAX(AZ38:AZ41)+1 -> 1 | BB42: =MAX(BB38:BB41)-MIN(BB38:BB41)+1 -> 1 | BC42: =MAX(BC38:BC41)-MIN(BC38:BC41)+1 -> 1 | BD42: =MAX(BD38:BD41)-MIN(BD38:BD41)+1 -> 1 | BE42: =MAX(BE38:BE41)-MIN(BE38:BE41)+1 -> 1 | BG42: =MAX(BG38:BG41)-MIN(BG38:BG41)+1 -> 1 | BH42: =MAX(BH38:BH41)+1 -> 1 | BK42: 76 | BL42: =AS20 -> Brazil | BM42: 2 | BP42: =IF(OR(BM42="",BM43="",AND(BN42="",BN43<>""),AND(BN43="",BN42<>""),AND(BO42="",BO43<>""),AND(BO43="",BO42<>"")),"",BM42*1000+BN42*10+BO42) -> 2000
A43: 37 | B43: {=INDEX(T,18+INT(MOD(R43-1,7)),lang)} -> Sun | C43: {=INDEX(T,24+MONTH(R43),lang) & " " & DAY(R43) & ", " & YEAR(R43)} -> Jun 21, 2026 | D43: =TIME(HOUR(R43),MINUTE(R43),0) -> 0.91666667 | E43: =AE53 -> Uruguay | F43: 2 | G43: 2 | H43: =AE51 -> Cape Verde | R43: =DATE(2026,6,21)+TIME(11,0,0)+gmt_delta -> 46194.917 | S43: =IF(OR(F43="",G43=""),"",IF(F43>G43,E43&"_win",IF(F43<G43,E43&"_lose",E43&"_draw"))) -> Uruguay_draw | T43: =IF(S43="","",IF(F43<G43,H43&"_win",IF(F43>G43,H43&"_lose",H43&"_draw"))) -> Cape Verde_draw | U43: =IF(S43="",0,IF(VLOOKUP(E43,$AE$8:$AN$77,10,FALSE)=VLOOKUP(H43,$AE$8:$AN$77,10,FALSE),1,0)) -> 0 | V43: =U43*F43 -> 0 | W43: =U43*G43 -> 0 | X43: =IF(S43="",0,IF(VLOOKUP(E43,$AE$8:$AO$77,11,FALSE)=VLOOKUP(H43,$AE$8:$AO$77,11,FALSE),1,0)) -> 0 | Y43: =X43*F43 -> 0 | Z43: =X43*G43 -> 0 | AA43: =IF(OR(E43=my_team,H43=my_team),1,IF(INT(MATCH(E43,$AE$8:$AE$78,0)/6)=$AA$6,1,0)) -> 0 | AB43: =IF(OR(F43="",G43=""),"",IF(F43>G43,1,IF(F43<G43,-1,0))) -> 0 | BL43: =AS39 -> Japan | BM43: 1 | BP43: =IF(BP42="","",BM43*1000+BN43*10+BO43) -> 1000 | BR43: {=INDEX(T,24+MONTH(BW43),lang) & " " & DAY(BW43) & ", " & YEAR(BW43) & " " & (IF(HOUR(BW43)<10,0,"")&HOUR(BW43)) & ":" & (IF(MINUTE(BW43)<10,0,"")&MINUTE(BW43))} -> Jul 5, 2026 20:00 | BW43: =DATE(2026,7,5)+TIME(9,0,0)+gmt_delta -> 46208.833
A44: 38 | B44: {=INDEX(T,18+INT(MOD(R44-1,7)),lang)} -> Sun | C44: {=INDEX(T,24+MONTH(R44),lang) & " " & DAY(R44) & ", " & YEAR(R44)} -> Jun 21, 2026 | D44: =TIME(HOUR(R44),MINUTE(R44),0) -> 0.66666667 | E44: =AE50 -> Spain | F44: 4 | G44: 0 | H44: =AE52 -> Saudi Arabia | J44: {=INDEX(T,9,lang) & " " & "G"} -> Group G | K44: {=INDEX(T,10,lang)} -> PL | L44: {=INDEX(T,11,lang)} -> W | M44: {=INDEX(T,12,lang)} -> DRAW | N44: {=INDEX(T,13,lang)} -> L | O44: {=INDEX(T,14,lang)} -> GF - GA | P44: {=INDEX(T,15,lang)} -> PNT | R44: =DATE(2026,6,21)+TIME(5,0,0)+gmt_delta -> 46194.667 | S44: =IF(OR(F44="",G44=""),"",IF(F44>G44,E44&"_win",IF(F44<G44,E44&"_lose",E44&"_draw"))) -> Spain_win | T44: =IF(S44="","",IF(F44<G44,H44&"_win",IF(F44>G44,H44&"_lose",H44&"_draw"))) -> Saudi Arabia_lose | U44: =IF(S44="",0,IF(VLOOKUP(E44,$AE$8:$AN$77,10,FALSE)=VLOOKUP(H44,$AE$8:$AN$77,10,FALSE),1,0)) -> 0 | V44: =U44*F44 -> 0 | W44: =U44*G44 -> 0 | X44: =IF(S44="",0,IF(VLOOKUP(E44,$AE$8:$AO$77,11,FALSE)=VLOOKUP(H44,$AE$8:$AO$77,11,FALSE),1,0)) -> 0 | Y44: =X44*F44 -> 0 | Z44: =X44*G44 -> 0 | AA44: =IF(OR(E44=my_team,H44=my_team),1,IF(INT(MATCH(E44,$AE$8:$AE$78,0)/6)=$AA$6,1,0)) -> 0 | AB44: =IF(OR(F44="",G44=""),"",IF(F44>G44,1,IF(F44<G44,-1,0))) -> 1 | AD44: =COUNTIF(AR44:AR47,CONCATENATE(">=",AR44)) -> 1 | AE44: =VLOOKUP("Belgium",T,lang,FALSE) -> Belgium | AF44: =COUNTIF($S$7:$T$78,"=" & AE44 & "_win") -> 1 | AG44: =COUNTIF($S$7:$T$78,"=" & AE44 & "_draw") -> 2 | AH44: =COUNTIF($S$7:$T$78,"=" & AE44 & "_lose") -> 0 | AI44: =SUMIF($E$7:$E$78,$AE44,$F$7:$F$78) + SUMIF($H$7:$H$78,$AE44,$G$7:$G$78) -> 6 | AJ44: =SUMIF($E$7:$E$78,$AE44,$G$7:$G$78) + SUMIF($H$7:$H$78,$AE44,$F$7:$F$78) -> 2 | AL44: =AI44-AJ44 -> 4 | AM44: =AL44-AL48 -> 10 | AN44: =AF44*3+AG44 -> 5 | AO44: =AN44/AN48*10+BA44 -> 9.3139159 | AP44: =AO44*10000000+BI44*100+AM44/AM48*10+AI44/AI48*1++IF(AQ44=0,ROW(),AQ44)/2000000 -> 93139267 | AQ44: =VLOOKUP(AE44,db_fifarank,2,FALSE) -> 1734.71 | AR44: =AP44/AP48 -> 0.99999999 | AS44: =IF(SUM(AF44:AH47)=12,J45,"1G") -> Belgium | AT44: {=SUMPRODUCT(($S$7:$S$78=AE44&"_win")*($U$7:$U$78))+SUMPRODUCT(($T$7:$T$78=AE44&"_win")*($U$7:$U$78))} -> 0 | AU44: {=SUMPRODUCT(($S$7:$S$78=AE44&"_draw")*($U$7:$U$78))+SUMPRODUCT(($T$7:$T$78=AE44&"_draw")*($U$7:$U$78))} -> 1 | AV44: {=SUMPRODUCT(($E$7:$E$78=AE44)*($U$7:$U$78)*($F$7:$F$78))+SUMPRODUCT(($H$7:$H$78=AE44)*($U$7:$U$78)*($G$7:$G$78))} -> 1 | AW44: {=SUMPRODUCT(($E$7:$E$78=AE44)*($U$7:$U$78)*($G$7:$G$78))+SUMPRODUCT(($H$7:$H$78=AE44)*($U$7:$U$78)*($F$7:$F$78))} -> 1 | AX44: =AV44-AW44 -> 0 | AY44: =AX44-MIN(AX44:AX47) -> 0 | AZ44: =AT44/AT48*1000+AU44/AU48*100+AY44/AY48*10+AV44/AV48 -> 50.5 | BA44: =AZ44/AZ48 -> 0.98058252 | BB44: {=SUMPRODUCT(($S$7:$S$78=AE44&"_win")*($X$7:$X$78))+SUMPRODUCT(($T$7:$T$78=AE44&"_win")*($X$7:$X$78))} -> 0 | BC44: {=SUMPRODUCT(($S$7:$S$78=AE44&"_draw")*($X$7:$X$78))+SUMPRODUCT(($T$7:$T$78=AE44&"_draw")*($X$7:$X$78))} -> 1 | BD44: {=SUMPRODUCT(($E$7:$E$78=AE44)*($X$7:$X$78)*($F$7:$F$78))+SUMPRODUCT(($H$7:$H$78=AE44)*($X$7:$X$78)*($G$7:$G$78))} -> 1 | BE44: {=SUMPRODUCT(($E$7:$E$78=AE44)*($X$7:$X$78)*($G$7:$G$78))+SUMPRODUCT(($H$7:$H$78=AE44)*($X$7:$X$78)*($F$7:$F$78))} -> 1 | BF44: =BD44-BE44 -> 0 | BG44: =BF44-MIN(BF44:BF47) -> 0 | BH44: =BB44/BB48*1000+BC44/BC48*100+BG44/BG48*10+BD44/BD48 -> 50.5 | BI44: =BH44/BH48 -> 0.98058252 | BR44: 91 | BS44: =IF(BP42>BP43,BL42,IF(BP42<BP43,BL43,"")) -> Brazil | BT44: 1 | BW44: =IF(OR(BT44="",BT45="",AND(BU44="",BU45<>""),AND(BU45="",BU44<>""),AND(BV44="",BV45<>""),AND(BV45="",BV44<>"")),"",BT44*1000+BU44*10+BV44) -> 1000 | CM44: {=INDEX(T,7,lang)} -> Third-Place Play-Off
A45: 39 | B45: {=INDEX(T,18+INT(MOD(R45-1,7)),lang)} -> Sun | C45: {=INDEX(T,24+MONTH(R45),lang) & " " & DAY(R45) & ", " & YEAR(R45)} -> Jun 21, 2026 | D45: =TIME(HOUR(R45),MINUTE(R45),0) -> 0.79166667 | E45: =AE44 -> Belgium | F45: 0 | G45: 0 | H45: =AE46 -> Iran | J45: =VLOOKUP(1,AD44:AN47,2,FALSE) -> Belgium | K45: =L45+M45+N45 -> 3 | L45: =VLOOKUP(1,AD44:AN47,3,FALSE) -> 1 | M45: =VLOOKUP(1,AD44:AN47,4,FALSE) -> 2 | N45: =VLOOKUP(1,AD44:AN47,5,FALSE) -> 0 | O45: =VLOOKUP(1,AD44:AN47,6,FALSE) & " - " & VLOOKUP(1,AD44:AN47,7,FALSE) -> 6 - 2 | P45: =L45*3+M45 -> 5 | R45: =DATE(2026,6,21)+TIME(8,0,0)+gmt_delta -> 46194.792 | S45: =IF(OR(F45="",G45=""),"",IF(F45>G45,E45&"_win",IF(F45<G45,E45&"_lose",E45&"_draw"))) -> Belgium_draw | T45: =IF(S45="","",IF(F45<G45,H45&"_win",IF(F45>G45,H45&"_lose",H45&"_draw"))) -> Iran_draw | U45: =IF(S45="",0,IF(VLOOKUP(E45,$AE$8:$AN$77,10,FALSE)=VLOOKUP(H45,$AE$8:$AN$77,10,FALSE),1,0)) -> 0 | V45: =U45*F45 -> 0 | W45: =U45*G45 -> 0 | X45: =IF(S45="",0,IF(VLOOKUP(E45,$AE$8:$AO$77,11,FALSE)=VLOOKUP(H45,$AE$8:$AO$77,11,FALSE),1,0)) -> 0 | Y45: =X45*F45 -> 0 | Z45: =X45*G45 -> 0 | AA45: =IF(OR(E45=my_team,H45=my_team),1,IF(INT(MATCH(E45,$AE$8:$AE$78,0)/6)=$AA$6,1,0)) -> 0 | AB45: =IF(OR(F45="",G45=""),"",IF(F45>G45,1,IF(F45<G45,-1,0))) -> 0 | AD45: =COUNTIF(AR44:AR47,CONCATENATE(">=",AR45)) -> 2 | AE45: =VLOOKUP("Egypt",T,lang,FALSE) -> Egypt | AF45: =COUNTIF($S$7:$T$78,"=" & AE45 & "_win") -> 1 | AG45: =COUNTIF($S$7:$T$78,"=" & AE45 & "_draw") -> 2 | AH45: =COUNTIF($S$7:$T$78,"=" & AE45 & "_lose") -> 0 | AI45: =SUMIF($E$7:$E$78,$AE45,$F$7:$F$78) + SUMIF($H$7:$H$78,$AE45,$G$7:$G$78) -> 5 | AJ45: =SUMIF($E$7:$E$78,$AE45,$G$7:$G$78) + SUMIF($H$7:$H$78,$AE45,$F$7:$F$78) -> 3 | AL45: =AI45-AJ45 -> 2 | AM45: =AL45-AL48 -> 8 | AN45: =AF45*3+AG45 -> 5 | AO45: =AN45/AN48*10+BA45 -> 9.3139159 | AP45: =AO45*10000000+BI45*100+AM45/AM48*10+AI45/AI48*1++IF(AQ45=0,ROW(),AQ45)/2000000 -> 93139265 | AQ45: =VLOOKUP(AE45,db_fifarank,2,FALSE) -> 1563.24 | AR45: =AP45/AP48 -> 0.99999997 | AS45: =IF(SUM(AF44:AH47)=12,J46,"2G") -> Egypt | AT45: {=SUMPRODUCT(($S$7:$S$78=AE45&"_win")*($U$7:$U$78))+SUMPRODUCT(($T$7:$T$78=AE45&"_win")*($U$7:$U$78))} -> 0 | AU45: {=SUMPRODUCT(($S$7:$S$78=AE45&"_draw")*($U$7:$U$78))+SUMPRODUCT(($T$7:$T$78=AE45&"_draw")*($U$7:$U$78))} -> 1 | AV45: {=SUMPRODUCT(($E$7:$E$78=AE45)*($U$7:$U$78)*($F$7:$F$78))+SUMPRODUCT(($H$7:$H$78=AE45)*($U$7:$U$78)*($G$7:$G$78))} -> 1 | AW45: {=SUMPRODUCT(($E$7:$E$78=AE45)*($U$7:$U$78)*($G$7:$G$78))+SUMPRODUCT(($H$7:$H$78=AE45)*($U$7:$U$78)*($F$7:$F$78))} -> 1 | AX45: =AV45-AW45 -> 0 | AY45: =AX45-MIN(AX44:AX47) -> 0 | AZ45: =AT45/AT48*1000+AU45/AU48*100+AY45/AY48*10+AV45/AV48 -> 50.5 | BA45: =AZ45/AZ48 -> 0.98058252 | BB45: {=SUMPRODUCT(($S$7:$S$78=AE45&"_win")*($X$7:$X$78))+SUMPRODUCT(($T$7:$T$78=AE45&"_win")*($X$7:$X$78))} -> 0 | BC45: {=SUMPRODUCT(($S$7:$S$78=AE45&"_draw")*($X$7:$X$78))+SUMPRODUCT(($T$7:$T$78=AE45&"_draw")*($X$7:$X$78))} -> 1 | BD45: {=SUMPRODUCT(($E$7:$E$78=AE45)*($X$7:$X$78)*($F$7:$F$78))+SUMPRODUCT(($H$7:$H$78=AE45)*($X$7:$X$78)*($G$7:$G$78))} -> 1 | BE45: {=SUMPRODUCT(($E$7:$E$78=AE45)*($X$7:$X$78)*($G$7:$G$78))+SUMPRODUCT(($H$7:$H$78=AE45)*($X$7:$X$78)*($F$7:$F$78))} -> 1 | BF45: =BD45-BE45 -> 0 | BG45: =BF45-MIN(BF44:BF47) -> 0 | BH45: =BB45/BB48*1000+BC45/BC48*100+BG45/BG48*10+BD45/BD48 -> 50.5 | BI45: =BH45/BH48 -> 0.98058252 | BK45: {=INDEX(T,24+MONTH(BP45),lang) & " " & DAY(BP45) & ", " & YEAR(BP45) & " " & (IF(HOUR(BP45)<10,0,"")&HOUR(BP45)) & ":" & (IF(MINUTE(BP45)<10,0,"")&MINUTE(BP45))} -> Jun 30, 2026 17:00 | BP45: =DATE(2026,6,30)+TIME(6,0,0)+gmt_delta -> 46203.708 | BS45: =IF(BP46>BP47,BL46,IF(BP46<BP47,BL47,"")) -> Norway | BT45: 2 | BW45: =IF(BW44="","",BT45*1000+BU45*10+BV45) -> 2000
A46: 40 | B46: {=INDEX(T,18+INT(MOD(R46-1,7)),lang)} -> Mon | C46: {=INDEX(T,24+MONTH(R46),lang) & " " & DAY(R46) & ", " & YEAR(R46)} -> Jun 22, 2026 | D46: =TIME(HOUR(R46),MINUTE(R46),0) -> 0.041666667 | E46: =AE47 -> New Zealand | F46: 1 | G46: 3 | H46: =AE45 -> Egypt | J46: =VLOOKUP(2,AD44:AN47,2,FALSE) -> Egypt | K46: =L46+M46+N46 -> 3 | L46: =VLOOKUP(2,AD44:AN47,3,FALSE) -> 1 | M46: =VLOOKUP(2,AD44:AN47,4,FALSE) -> 2 | N46: =VLOOKUP(2,AD44:AN47,5,FALSE) -> 0 | O46: =VLOOKUP(2,AD44:AN47,6,FALSE) & " - " & VLOOKUP(2,AD44:AN47,7,FALSE) -> 5 - 3 | P46: =L46*3+M46 -> 5 | R46: =DATE(2026,6,21)+TIME(14,0,0)+gmt_delta -> 46195.042 | S46: =IF(OR(F46="",G46=""),"",IF(F46>G46,E46&"_win",IF(F46<G46,E46&"_lose",E46&"_draw"))) -> New Zealand_lose | T46: =IF(S46="","",IF(F46<G46,H46&"_win",IF(F46>G46,H46&"_lose",H46&"_draw"))) -> Egypt_win | U46: =IF(S46="",0,IF(VLOOKUP(E46,$AE$8:$AN$77,10,FALSE)=VLOOKUP(H46,$AE$8:$AN$77,10,FALSE),1,0)) -> 0 | V46: =U46*F46 -> 0 | W46: =U46*G46 -> 0 | X46: =IF(S46="",0,IF(VLOOKUP(E46,$AE$8:$AO$77,11,FALSE)=VLOOKUP(H46,$AE$8:$AO$77,11,FALSE),1,0)) -> 0 | Y46: =X46*F46 -> 0 | Z46: =X46*G46 -> 0 | AA46: =IF(OR(E46=my_team,H46=my_team),1,IF(INT(MATCH(E46,$AE$8:$AE$78,0)/6)=$AA$6,1,0)) -> 0 | AB46: =IF(OR(F46="",G46=""),"",IF(F46>G46,1,IF(F46<G46,-1,0))) -> -1 | AD46: =COUNTIF(AR44:AR47,CONCATENATE(">=",AR46)) -> 3 | AE46: =VLOOKUP("Iran",T,lang,FALSE) -> Iran | AF46: =COUNTIF($S$7:$T$78,"=" & AE46 & "_win") -> 0 | AG46: =COUNTIF($S$7:$T$78,"=" & AE46 & "_draw") -> 3 | AH46: =COUNTIF($S$7:$T$78,"=" & AE46 & "_lose") -> 0 | AI46: =SUMIF($E$7:$E$78,$AE46,$F$7:$F$78) + SUMIF($H$7:$H$78,$AE46,$G$7:$G$78) -> 3 | AJ46: =SUMIF($E$7:$E$78,$AE46,$G$7:$G$78) + SUMIF($H$7:$H$78,$AE46,$F$7:$F$78) -> 3 | AL46: =AI46-AJ46 -> 0 | AM46: =AL46-AL48 -> 6 | AN46: =AF46*3+AG46 -> 3 | AO46: =AN46/AN48*10+BA46 -> 5 | AP46: =AO46*10000000+BI46*100+AM46/AM48*10+AI46/AI48*1++IF(AQ46=0,ROW(),AQ46)/2000000 -> 50000006 | AQ46: =VLOOKUP(AE46,db_fifarank,2,FALSE) -> 1615.3 | AR46: =AP46/AP48 -> 0.53683057 | AT46: {=SUMPRODUCT(($S$7:$S$78=AE46&"_win")*($U$7:$U$78))+SUMPRODUCT(($T$7:$T$78=AE46&"_win")*($U$7:$U$78))} -> 0 | AU46: {=SUMPRODUCT(($S$7:$S$78=AE46&"_draw")*($U$7:$U$78))+SUMPRODUCT(($T$7:$T$78=AE46&"_draw")*($U$7:$U$78))} -> 0 | AV46: {=SUMPRODUCT(($E$7:$E$78=AE46)*($U$7:$U$78)*($F$7:$F$78))+SUMPRODUCT(($H$7:$H$78=AE46)*($U$7:$U$78)*($G$7:$G$78))} -> 0 | AW46: {=SUMPRODUCT(($E$7:$E$78=AE46)*($U$7:$U$78)*($G$7:$G$78))+SUMPRODUCT(($H$7:$H$78=AE46)*($U$7:$U$78)*($F$7:$F$78))} -> 0 | AX46: =AV46-AW46 -> 0 | AY46: =AX46-MIN(AX44:AX47) -> 0 | AZ46: =AT46/AT48*1000+AU46/AU48*100+AY46/AY48*10+AV46/AV48 -> 0 | BA46: =AZ46/AZ48 -> 0 | BB46: {=SUMPRODUCT(($S$7:$S$78=AE46&"_win")*($X$7:$X$78))+SUMPRODUCT(($T$7:$T$78=AE46&"_win")*($X$7:$X$78))} -> 0 | BC46: {=SUMPRODUCT(($S$7:$S$78=AE46&"_draw")*($X$7:$X$78))+SUMPRODUCT(($T$7:$T$78=AE46&"_draw")*($X$7:$X$78))} -> 0 | BD46: {=SUMPRODUCT(($E$7:$E$78=AE46)*($X$7:$X$78)*($F$7:$F$78))+SUMPRODUCT(($H$7:$H$78=AE46)*($X$7:$X$78)*($G$7:$G$78))} -> 0 | BE46: {=SUMPRODUCT(($E$7:$E$78=AE46)*($X$7:$X$78)*($G$7:$G$78))+SUMPRODUCT(($H$7:$H$78=AE46)*($X$7:$X$78)*($F$7:$F$78))} -> 0 | BF46: =BD46-BE46 -> 0 | BG46: =BF46-MIN(BF44:BF47) -> 0 | BH46: =BB46/BB48*1000+BC46/BC48*100+BG46/BG48*10+BD46/BD48 -> 0 | BI46: =BH46/BH48 -> 0 | BK46: 78 | BL46: =AS33 -> Ivory Coast | BM46: 1 | BP46: =IF(OR(BM46="",BM47="",AND(BN46="",BN47<>""),AND(BN47="",BN46<>""),AND(BO46="",BO47<>""),AND(BO47="",BO46<>"")),"",BM46*1000+BN46*10+BO46) -> 1000
A47: 41 | B47: {=INDEX(T,18+INT(MOD(R47-1,7)),lang)} -> Tue | C47: {=INDEX(T,24+MONTH(R47),lang) & " " & DAY(R47) & ", " & YEAR(R47)} -> Jun 23, 2026 | D47: =TIME(HOUR(R47),MINUTE(R47),0) -> 0 | E47: =AE59 -> Norway | F47: 3 | G47: 2 | H47: =AE57 -> Senegal | J47: =VLOOKUP(3,AD44:AN47,2,FALSE) -> Iran | K47: =L47+M47+N47 -> 3 | L47: =VLOOKUP(3,AD44:AN47,3,FALSE) -> 0 | M47: =VLOOKUP(3,AD44:AN47,4,FALSE) -> 3 | N47: =VLOOKUP(3,AD44:AN47,5,FALSE) -> 0 | O47: =VLOOKUP(3,AD44:AN47,6,FALSE) & " - " & VLOOKUP(3,AD44:AN47,7,FALSE) -> 3 - 3 | P47: =L47*3+M47 -> 3 | R47: =DATE(2026,6,22)+TIME(13,0,0)+gmt_delta -> 46196 | S47: =IF(OR(F47="",G47=""),"",IF(F47>G47,E47&"_win",IF(F47<G47,E47&"_lose",E47&"_draw"))) -> Norway_win | T47: =IF(S47="","",IF(F47<G47,H47&"_win",IF(F47>G47,H47&"_lose",H47&"_draw"))) -> Senegal_lose | U47: =IF(S47="",0,IF(VLOOKUP(E47,$AE$8:$AN$77,10,FALSE)=VLOOKUP(H47,$AE$8:$AN$77,10,FALSE),1,0)) -> 0 | V47: =U47*F47 -> 0 | W47: =U47*G47 -> 0 | X47: =IF(S47="",0,IF(VLOOKUP(E47,$AE$8:$AO$77,11,FALSE)=VLOOKUP(H47,$AE$8:$AO$77,11,FALSE),1,0)) -> 0 | Y47: =X47*F47 -> 0 | Z47: =X47*G47 -> 0 | AA47: =IF(OR(E47=my_team,H47=my_team),1,IF(INT(MATCH(E47,$AE$8:$AE$78,0)/6)=$AA$6,1,0)) -> 0 | AB47: =IF(OR(F47="",G47=""),"",IF(F47>G47,1,IF(F47<G47,-1,0))) -> 1 | AD47: =COUNTIF(AR44:AR47,CONCATENATE(">=",AR47)) -> 4 | AE47: =VLOOKUP("New Zealand",T,lang,FALSE) -> New Zealand | AF47: =COUNTIF($S$7:$T$78,"=" & AE47 & "_win") -> 0 | AG47: =COUNTIF($S$7:$T$78,"=" & AE47 & "_draw") -> 1 | AH47: =COUNTIF($S$7:$T$78,"=" & AE47 & "_lose") -> 2 | AI47: =SUMIF($E$7:$E$78,$AE47,$F$7:$F$78) + SUMIF($H$7:$H$78,$AE47,$G$7:$G$78) -> 4 | AJ47: =SUMIF($E$7:$E$78,$AE47,$G$7:$G$78) + SUMIF($H$7:$H$78,$AE47,$F$7:$F$78) -> 10 | AL47: =AI47-AJ47 -> -6 | AM47: =AL47-AL48 -> 0 | AN47: =AF47*3+AG47 -> 1 | AO47: =AN47/AN48*10+BA47 -> 1.6666667 | AP47: =AO47*10000000+BI47*100+AM47/AM48*10+AI47/AI48*1++IF(AQ47=0,ROW(),AQ47)/2000000 -> 16666667 | AQ47: =VLOOKUP(AE47,db_fifarank,2,FALSE) -> 1281.57 | AR47: =AP47/AP48 -> 0.17894351 | AT47: {=SUMPRODUCT(($S$7:$S$78=AE47&"_win")*($U$7:$U$78))+SUMPRODUCT(($T$7:$T$78=AE47&"_win")*($U$7:$U$78))} -> 0 | AU47: {=SUMPRODUCT(($S$7:$S$78=AE47&"_draw")*($U$7:$U$78))+SUMPRODUCT(($T$7:$T$78=AE47&"_draw")*($U$7:$U$78))} -> 0 | AV47: {=SUMPRODUCT(($E$7:$E$78=AE47)*($U$7:$U$78)*($F$7:$F$78))+SUMPRODUCT(($H$7:$H$78=AE47)*($U$7:$U$78)*($G$7:$G$78))} -> 0 | AW47: {=SUMPRODUCT(($E$7:$E$78=AE47)*($U$7:$U$78)*($G$7:$G$78))+SUMPRODUCT(($H$7:$H$78=AE47)*($U$7:$U$78)*($F$7:$F$78))} -> 0 | AX47: =AV47-AW47 -> 0 | AY47: =AX47-MIN(AX44:AX47) -> 0 | AZ47: =AT47/AT48*1000+AU47/AU48*100+AY47/AY48*10+AV47/AV48 -> 0 | BA47: =AZ47/AZ48 -> 0 | BB47: {=SUMPRODUCT(($S$7:$S$78=AE47&"_win")*($X$7:$X$78))+SUMPRODUCT(($T$7:$T$78=AE47&"_win")*($X$7:$X$78))} -> 0 | BC47: {=SUMPRODUCT(($S$7:$S$78=AE47&"_draw")*($X$7:$X$78))+SUMPRODUCT(($T$7:$T$78=AE47&"_draw")*($X$7:$X$78))} -> 0 | BD47: {=SUMPRODUCT(($E$7:$E$78=AE47)*($X$7:$X$78)*($F$7:$F$78))+SUMPRODUCT(($H$7:$H$78=AE47)*($X$7:$X$78)*($G$7:$G$78))} -> 0 | BE47: {=SUMPRODUCT(($E$7:$E$78=AE47)*($X$7:$X$78)*($G$7:$G$78))+SUMPRODUCT(($H$7:$H$78=AE47)*($X$7:$X$78)*($F$7:$F$78))} -> 0 | BF47: =BD47-BE47 -> 0 | BG47: =BF47-MIN(BF44:BF47) -> 0 | BH47: =BB47/BB48*1000+BC47/BC48*100+BG47/BG48*10+BD47/BD48 -> 0 | BI47: =BH47/BH48 -> 0 | BL47: =AS57 -> Norway | BM47: 2 | BP47: =IF(BP46="","",BM47*1000+BN47*10+BO47) -> 2000 | BY47: {=INDEX(T,24+MONTH(CD47),lang) & " " & DAY(CD47) & ", " & YEAR(CD47) & " " & (IF(HOUR(CD47)<10,0,"")&HOUR(CD47)) & ":" & (IF(MINUTE(CD47)<10,0,"")&MINUTE(CD47))} -> Jul 11, 2026 21:00 | CD47: =DATE(2026,7,11)+TIME(10,0,0)+gmt_delta -> 46214.875 | CM47: {=INDEX(T,24+MONTH(CR47),lang) & " " & DAY(CR47) & ", " & YEAR(CR47) & " " & (IF(HOUR(CR47)<10,0,"")&HOUR(CR47)) & ":" & (IF(MINUTE(CR47)<10,0,"")&MINUTE(CR47))} -> Jul 18, 2026 21:00 | CR47: =DATE(2026,7,18)+TIME(10,0,0)+gmt_delta -> 46221.875
A48: 42 | B48: {=INDEX(T,18+INT(MOD(R48-1,7)),lang)} -> Mon | C48: {=INDEX(T,24+MONTH(R48),lang) & " " & DAY(R48) & ", " & YEAR(R48)} -> Jun 22, 2026 | D48: =TIME(HOUR(R48),MINUTE(R48),0) -> 0.83333333 | E48: =AE56 -> France | F48: 3 | G48: 0 | H48: =AE58 -> Iraq | J48: =VLOOKUP(4,AD44:AN47,2,FALSE) -> New Zealand | K48: =L48+M48+N48 -> 3 | L48: =VLOOKUP(4,AD44:AN47,3,FALSE) -> 0 | M48: =VLOOKUP(4,AD44:AN47,4,FALSE) -> 1 | N48: =VLOOKUP(4,AD44:AN47,5,FALSE) -> 2 | O48: =VLOOKUP(4,AD44:AN47,6,FALSE) & " - " & VLOOKUP(4,AD44:AN47,7,FALSE) -> 4 - 10 | P48: =L48*3+M48 -> 1 | R48: =DATE(2026,6,22)+TIME(105,0,0)+gmt_delta -> 46195.833 | S48: =IF(OR(F48="",G48=""),"",IF(F48>G48,E48&"_win",IF(F48<G48,E48&"_lose",E48&"_draw"))) -> France_win | T48: =IF(S48="","",IF(F48<G48,H48&"_win",IF(F48>G48,H48&"_lose",H48&"_draw"))) -> Iraq_lose | U48: =IF(S48="",0,IF(VLOOKUP(E48,$AE$8:$AN$77,10,FALSE)=VLOOKUP(H48,$AE$8:$AN$77,10,FALSE),1,0)) -> 0 | V48: =U48*F48 -> 0 | W48: =U48*G48 -> 0 | X48: =IF(S48="",0,IF(VLOOKUP(E48,$AE$8:$AO$77,11,FALSE)=VLOOKUP(H48,$AE$8:$AO$77,11,FALSE),1,0)) -> 0 | Y48: =X48*F48 -> 0 | Z48: =X48*G48 -> 0 | AA48: =IF(OR(E48=my_team,H48=my_team),1,IF(INT(MATCH(E48,$AE$8:$AE$78,0)/6)=$AA$6,1,0)) -> 0 | AB48: =IF(OR(F48="",G48=""),"",IF(F48>G48,1,IF(F48<G48,-1,0))) -> 1 | AF48: =MAX(AF44:AF47)-MIN(AF44:AF47)+1 -> 2 | AG48: =MAX(AG44:AG47)-MIN(AG44:AG47)+1 -> 3 | AH48: =MAX(AH44:AH47)-MIN(AH44:AH47)+1 -> 3 | AI48: =MAX(AI44:AI47)+1 -> 7 | AL48: =MIN(AL44:AL47) -> -6 | AM48: =MAX(AM44:AM47)+1 -> 11 | AN48: =MAX(AN44:AN47)+1 -> 6 | AO48: =MAX(AO44:AO47)+1 -> 10.313916 | AP48: =MAX(AP44:AP47)+1 -> 93139268 | AT48: =MAX(AT44:AT47)-MIN(AT44:AT47)+1 -> 1 | AU48: =MAX(AU44:AU47)-MIN(AU44:AU47)+1 -> 2 | AV48: =MAX(AV44:AV47)-MIN(AV44:AV47)+1 -> 2 | AW48: =MAX(AW44:AW47)-MIN(AW44:AW47)+1 -> 2 | AY48: =MAX(AY44:AY47)-MIN(AY44:AY47)+1 -> 1 | AZ48: =MAX(AZ44:AZ47)+1 -> 51.5 | BB48: =MAX(BB44:BB47)-MIN(BB44:BB47)+1 -> 1 | BC48: =MAX(BC44:BC47)-MIN(BC44:BC47)+1 -> 2 | BD48: =MAX(BD44:BD47)-MIN(BD44:BD47)+1 -> 2 | BE48: =MAX(BE44:BE47)-MIN(BE44:BE47)+1 -> 2 | BG48: =MAX(BG44:BG47)-MIN(BG44:BG47)+1 -> 1 | BH48: =MAX(BH44:BH47)+1 -> 51.5 | BY48: 99 | BZ48: =IF(BW44>BW45,BS44,IF(BW44<BW45,BS45,"")) -> Norway | CD48: =IF(OR(CA48="",CA49="",AND(CB48="",CB49<>""),AND(CB49="",CB48<>""),AND(CC48="",CC49<>""),AND(CC49="",CC48<>"")),"",CA48*1000+CB48*10+CC48) | CM48: 103 | CN48: =IF(CK23>CK24,CG24,IF(CK23<CK24,CG23,"")) | CR48: =IF(OR(CO48="",CO49="",AND(CP48="",CP49<>""),AND(CP49="",CP48<>""),AND(CQ48="",CQ49<>""),AND(CQ49="",CQ48<>"")),"",CO48*1000+CP48*10+CQ48)
A49: 43 | B49: {=INDEX(T,18+INT(MOD(R49-1,7)),lang)} -> Mon | C49: {=INDEX(T,24+MONTH(R49),lang) & " " & DAY(R49) & ", " & YEAR(R49)} -> Jun 22, 2026 | D49: =TIME(HOUR(R49),MINUTE(R49),0) -> 0.70833333 | E49: =AE62 -> Argentina | F49: 2 | G49: 0 | H49: =AE64 -> Austria | R49: =DATE(2026,6,22)+TIME(6,0,0)+gmt_delta -> 46195.708 | S49: =IF(OR(F49="",G49=""),"",IF(F49>G49,E49&"_win",IF(F49<G49,E49&"_lose",E49&"_draw"))) -> Argentina_win | T49: =IF(S49="","",IF(F49<G49,H49&"_win",IF(F49>G49,H49&"_lose",H49&"_draw"))) -> Austria_lose | U49: =IF(S49="",0,IF(VLOOKUP(E49,$AE$8:$AN$77,10,FALSE)=VLOOKUP(H49,$AE$8:$AN$77,10,FALSE),1,0)) -> 0 | V49: =U49*F49 -> 0 | W49: =U49*G49 -> 0 | X49: =IF(S49="",0,IF(VLOOKUP(E49,$AE$8:$AO$77,11,FALSE)=VLOOKUP(H49,$AE$8:$AO$77,11,FALSE),1,0)) -> 0 | Y49: =X49*F49 -> 0 | Z49: =X49*G49 -> 0 | AA49: =IF(OR(E49=my_team,H49=my_team),1,IF(INT(MATCH(E49,$AE$8:$AE$78,0)/6)=$AA$6,1,0)) -> 0 | AB49: =IF(OR(F49="",G49=""),"",IF(F49>G49,1,IF(F49<G49,-1,0))) -> 1 | BK49: {=INDEX(T,24+MONTH(BP49),lang) & " " & DAY(BP49) & ", " & YEAR(BP49) & " " & (IF(HOUR(BP49)<10,0,"")&HOUR(BP49)) & ":" & (IF(MINUTE(BP49)<10,0,"")&MINUTE(BP49))} -> Jul 1, 2026 01:00 | BP49: =DATE(2026,6,30)+TIME(14,0,0)+gmt_delta -> 46204.042 | BZ49: =IF(BW52>BW53,BS52,IF(BW52<BW53,BS53,"")) -> England | CD49: =IF(CD48="","",CA49*1000+CB49*10+CC49) | CN49: =IF(CK55>CK56,CG56,IF(CK55<CK56,CG55,"")) | CR49: =IF(CR48="","",CO49*1000+CP49*10+CQ49)
A50: 44 | B50: {=INDEX(T,18+INT(MOD(R50-1,7)),lang)} -> Tue | C50: {=INDEX(T,24+MONTH(R50),lang) & " " & DAY(R50) & ", " & YEAR(R50)} -> Jun 23, 2026 | D50: =TIME(HOUR(R50),MINUTE(R50),0) -> 0.125 | E50: =AE65 -> Jordan | F50: 1 | G50: 2 | H50: =AE63 -> Algeria | J50: {=INDEX(T,9,lang) & " " & "H"} -> Group H | K50: {=INDEX(T,10,lang)} -> PL | L50: {=INDEX(T,11,lang)} -> W | M50: {=INDEX(T,12,lang)} -> DRAW | N50: {=INDEX(T,13,lang)} -> L | O50: {=INDEX(T,14,lang)} -> GF - GA | P50: {=INDEX(T,15,lang)} -> PNT | R50: =DATE(2026,6,22)+TIME(16,0,0)+gmt_delta -> 46196.125 | S50: =IF(OR(F50="",G50=""),"",IF(F50>G50,E50&"_win",IF(F50<G50,E50&"_lose",E50&"_draw"))) -> Jordan_lose | T50: =IF(S50="","",IF(F50<G50,H50&"_win",IF(F50>G50,H50&"_lose",H50&"_draw"))) -> Algeria_win | U50: =IF(S50="",0,IF(VLOOKUP(E50,$AE$8:$AN$77,10,FALSE)=VLOOKUP(H50,$AE$8:$AN$77,10,FALSE),1,0)) -> 0 | V50: =U50*F50 -> 0 | W50: =U50*G50 -> 0 | X50: =IF(S50="",0,IF(VLOOKUP(E50,$AE$8:$AO$77,11,FALSE)=VLOOKUP(H50,$AE$8:$AO$77,11,FALSE),1,0)) -> 0 | Y50: =X50*F50 -> 0 | Z50: =X50*G50 -> 0 | AA50: =IF(OR(E50=my_team,H50=my_team),1,IF(INT(MATCH(E50,$AE$8:$AE$78,0)/6)=$AA$6,1,0)) -> 1 | AB50: =IF(OR(F50="",G50=""),"",IF(F50>G50,1,IF(F50<G50,-1,0))) -> -1 | AD50: =COUNTIF(AR50:AR53,CONCATENATE(">=",AR50)) -> 1 | AE50: =VLOOKUP("Spain",T,lang,FALSE) -> Spain | AF50: =COUNTIF($S$7:$T$78,"=" & AE50 & "_win") -> 2 | AG50: =COUNTIF($S$7:$T$78,"=" & AE50 & "_draw") -> 1 | AH50: =COUNTIF($S$7:$T$78,"=" & AE50 & "_lose") -> 0 | AI50: =SUMIF($E$7:$E$78,$AE50,$F$7:$F$78) + SUMIF($H$7:$H$78,$AE50,$G$7:$G$78) -> 5 | AJ50: =SUMIF($E$7:$E$78,$AE50,$G$7:$G$78) + SUMIF($H$7:$H$78,$AE50,$F$7:$F$78) -> 0 | AL50: =AI50-AJ50 -> 5 | AM50: =AL50-AL54 -> 9 | AN50: =AF50*3+AG50 -> 7 | AO50: =AN50/AN54*10+BA50 -> 8.75 | AP50: =AO50*10000000+BI50*100+AM50/AM54*10+AI50/AI54*1++IF(AQ50=0,ROW(),AQ50)/2000000 -> 87500010 | AQ50: =VLOOKUP(AE50,db_fifarank,2,FALSE) -> 1876.4 | AR50: =AP50/AP54 -> 0.99999999 | AS50: =IF(SUM(AF50:AH53)=12,J51,"1H") -> Spain | AT50: {=SUMPRODUCT(($S$7:$S$78=AE50&"_win")*($U$7:$U$78))+SUMPRODUCT(($T$7:$T$78=AE50&"_win")*($U$7:$U$78))} -> 0 | AU50: {=SUMPRODUCT(($S$7:$S$78=AE50&"_draw")*($U$7:$U$78))+SUMPRODUCT(($T$7:$T$78=AE50&"_draw")*($U$7:$U$78))} -> 0 | AV50: {=SUMPRODUCT(($E$7:$E$78=AE50)*($U$7:$U$78)*($F$7:$F$78))+SUMPRODUCT(($H$7:$H$78=AE50)*($U$7:$U$78)*($G$7:$G$78))} -> 0 | AW50: {=SUMPRODUCT(($E$7:$E$78=AE50)*($U$7:$U$78)*($G$7:$G$78))+SUMPRODUCT(($H$7:$H$78=AE50)*($U$7:$U$78)*($F$7:$F$78))} -> 0 | AX50: =AV50-AW50 -> 0 | AY50: =AX50-MIN(AX50:AX53) -> 0 | AZ50: =AT50/AT54*1000+AU50/AU54*100+AY50/AY54*10+AV50/AV54 -> 0 | BA50: =AZ50/AZ54 -> 0 | BB50: {=SUMPRODUCT(($S$7:$S$78=AE50&"_win")*($X$7:$X$78))+SUMPRODUCT(($T$7:$T$78=AE50&"_win")*($X$7:$X$78))} -> 0 | BC50: {=SUMPRODUCT(($S$7:$S$78=AE50&"_draw")*($X$7:$X$78))+SUMPRODUCT(($T$7:$T$78=AE50&"_draw")*($X$7:$X$78))} -> 0 | BD50: {=SUMPRODUCT(($E$7:$E$78=AE50)*($X$7:$X$78)*($F$7:$F$78))+SUMPRODUCT(($H$7:$H$78=AE50)*($X$7:$X$78)*($G$7:$G$78))} -> 0 | BE50: {=SUMPRODUCT(($E$7:$E$78=AE50)*($X$7:$X$78)*($G$7:$G$78))+SUMPRODUCT(($H$7:$H$78=AE50)*($X$7:$X$78)*($F$7:$F$78))} -> 0 | BF50: =BD50-BE50 -> 0 | BG50: =BF50-MIN(BF50:BF53) -> 0 | BH50: =BB50/BB54*1000+BC50/BC54*100+BG50/BG54*10+BD50/BD54 -> 0 | BI50: =BH50/BH54 -> 0 | BK50: 79 | BL50: =AS8 -> Mexico | BM50: 2 | BP50: =IF(OR(BM50="",BM51="",AND(BN50="",BN51<>""),AND(BN51="",BN50<>""),AND(BO50="",BO51<>""),AND(BO51="",BO50<>"")),"",BM50*1000+BN50*10+BO50) -> 2000
A51: 45 | B51: {=INDEX(T,18+INT(MOD(R51-1,7)),lang)} -> Tue | C51: {=INDEX(T,24+MONTH(R51),lang) & " " & DAY(R51) & ", " & YEAR(R51)} -> Jun 23, 2026 | D51: =TIME(HOUR(R51),MINUTE(R51),0) -> 0.83333333 | E51: =AE74 -> England | F51: 0 | G51: 0 | H51: =AE76 -> Ghana | J51: =VLOOKUP(1,AD50:AN53,2,FALSE) -> Spain | K51: =L51+M51+N51 -> 3 | L51: =VLOOKUP(1,AD50:AN53,3,FALSE) -> 2 | M51: =VLOOKUP(1,AD50:AN53,4,FALSE) -> 1 | N51: =VLOOKUP(1,AD50:AN53,5,FALSE) -> 0 | O51: =VLOOKUP(1,AD50:AN53,6,FALSE) & " - " & VLOOKUP(1,AD50:AN53,7,FALSE) -> 5 - 0 | P51: =L51*3+M51 -> 7 | R51: =DATE(2026,6,23)+TIME(9,0,0)+gmt_delta -> 46196.833 | S51: =IF(OR(F51="",G51=""),"",IF(F51>G51,E51&"_win",IF(F51<G51,E51&"_lose",E51&"_draw"))) -> England_draw | T51: =IF(S51="","",IF(F51<G51,H51&"_win",IF(F51>G51,H51&"_lose",H51&"_draw"))) -> Ghana_draw | U51: =IF(S51="",0,IF(VLOOKUP(E51,$AE$8:$AN$77,10,FALSE)=VLOOKUP(H51,$AE$8:$AN$77,10,FALSE),1,0)) -> 0 | V51: =U51*F51 -> 0 | W51: =U51*G51 -> 0 | X51: =IF(S51="",0,IF(VLOOKUP(E51,$AE$8:$AO$77,11,FALSE)=VLOOKUP(H51,$AE$8:$AO$77,11,FALSE),1,0)) -> 0 | Y51: =X51*F51 -> 0 | Z51: =X51*G51 -> 0 | AA51: =IF(OR(E51=my_team,H51=my_team),1,IF(INT(MATCH(E51,$AE$8:$AE$78,0)/6)=$AA$6,1,0)) -> 0 | AB51: =IF(OR(F51="",G51=""),"",IF(F51>G51,1,IF(F51<G51,-1,0))) -> 0 | AD51: =COUNTIF(AR50:AR53,CONCATENATE(">=",AR51)) -> 2 | AE51: =VLOOKUP("Cape Verde",T,lang,FALSE) -> Cape Verde | AF51: =COUNTIF($S$7:$T$78,"=" & AE51 & "_win") -> 0 | AG51: =COUNTIF($S$7:$T$78,"=" & AE51 & "_draw") -> 3 | AH51: =COUNTIF($S$7:$T$78,"=" & AE51 & "_lose") -> 0 | AI51: =SUMIF($E$7:$E$78,$AE51,$F$7:$F$78) + SUMIF($H$7:$H$78,$AE51,$G$7:$G$78) -> 2 | AJ51: =SUMIF($E$7:$E$78,$AE51,$G$7:$G$78) + SUMIF($H$7:$H$78,$AE51,$F$7:$F$78) -> 2 | AL51: =AI51-AJ51 -> 0 | AM51: =AL51-AL54 -> 4 | AN51: =AF51*3+AG51 -> 3 | AO51: =AN51/AN54*10+BA51 -> 3.75 | AP51: =AO51*10000000+BI51*100+AM51/AM54*10+AI51/AI54*1++IF(AQ51=0,ROW(),AQ51)/2000000 -> 37500004 | AQ51: =VLOOKUP(AE51,db_fifarank,2,FALSE) -> 1366.13 | AR51: =AP51/AP54 -> 0.42857143 | AS51: =IF(SUM(AF50:AH53)=12,J52,"2H") -> Cape Verde | AT51: {=SUMPRODUCT(($S$7:$S$78=AE51&"_win")*($U$7:$U$78))+SUMPRODUCT(($T$7:$T$78=AE51&"_win")*($U$7:$U$78))} -> 0 | AU51: {=SUMPRODUCT(($S$7:$S$78=AE51&"_draw")*($U$7:$U$78))+SUMPRODUCT(($T$7:$T$78=AE51&"_draw")*($U$7:$U$78))} -> 0 | AV51: {=SUMPRODUCT(($E$7:$E$78=AE51)*($U$7:$U$78)*($F$7:$F$78))+SUMPRODUCT(($H$7:$H$78=AE51)*($U$7:$U$78)*($G$7:$G$78))} -> 0 | AW51: {=SUMPRODUCT(($E$7:$E$78=AE51)*($U$7:$U$78)*($G$7:$G$78))+SUMPRODUCT(($H$7:$H$78=AE51)*($U$7:$U$78)*($F$7:$F$78))} -> 0 | AX51: =AV51-AW51 -> 0 | AY51: =AX51-MIN(AX50:AX53) -> 0 | AZ51: =AT51/AT54*1000+AU51/AU54*100+AY51/AY54*10+AV51/AV54 -> 0 | BA51: =AZ51/AZ54 -> 0 | BB51: {=SUMPRODUCT(($S$7:$S$78=AE51&"_win")*($X$7:$X$78))+SUMPRODUCT(($T$7:$T$78=AE51&"_win")*($X$7:$X$78))} -> 0 | BC51: {=SUMPRODUCT(($S$7:$S$78=AE51&"_draw")*($X$7:$X$78))+SUMPRODUCT(($T$7:$T$78=AE51&"_draw")*($X$7:$X$78))} -> 0 | BD51: {=SUMPRODUCT(($E$7:$E$78=AE51)*($X$7:$X$78)*($F$7:$F$78))+SUMPRODUCT(($H$7:$H$78=AE51)*($X$7:$X$78)*($G$7:$G$78))} -> 0 | BE51: {=SUMPRODUCT(($E$7:$E$78=AE51)*($X$7:$X$78)*($G$7:$G$78))+SUMPRODUCT(($H$7:$H$78=AE51)*($X$7:$X$78)*($F$7:$F$78))} -> 0 | BF51: =BD51-BE51 -> 0 | BG51: =BF51-MIN(BF50:BF53) -> 0 | BH51: =BB51/BB54*1000+BC51/BC54*100+BG51/BG54*10+BD51/BD54 -> 0 | BI51: =BH51/BH54 -> 0 | BL51: =IF(group_round_completed,VLOOKUP('3rd places'!D3,AK80:AS91,9,FALSE),"3rd Group C/E/F/H/I") -> Ecuador | BM51: 0 | BP51: =IF(BP50="","",BM51*1000+BN51*10+BO51) -> 0 | BR51: {=INDEX(T,24+MONTH(BW51),lang) & " " & DAY(BW51) & ", " & YEAR(BW51) & " " & (IF(HOUR(BW51)<10,0,"")&HOUR(BW51)) & ":" & (IF(MINUTE(BW51)<10,0,"")&MINUTE(BW51))} -> Jul 6, 2026 00:00 | BW51: =DATE(2026,7,5)+TIME(13,0,0)+gmt_delta -> 46209
A52: 46 | B52: {=INDEX(T,18+INT(MOD(R52-1,7)),lang)} -> Tue | C52: {=INDEX(T,24+MONTH(R52),lang) & " " & DAY(R52) & ", " & YEAR(R52)} -> Jun 23, 2026 | D52: =TIME(HOUR(R52),MINUTE(R52),0) -> 0.95833333 | E52: =AE77 -> Panama | F52: 0 | G52: 1 | H52: =AE75 -> Croatia | J52: =VLOOKUP(2,AD50:AN53,2,FALSE) -> Cape Verde | K52: =L52+M52+N52 -> 3 | L52: =VLOOKUP(2,AD50:AN53,3,FALSE) -> 0 | M52: =VLOOKUP(2,AD50:AN53,4,FALSE) -> 3 | N52: =VLOOKUP(2,AD50:AN53,5,FALSE) -> 0 | O52: =VLOOKUP(2,AD50:AN53,6,FALSE) & " - " & VLOOKUP(2,AD50:AN53,7,FALSE) -> 2 - 2 | P52: =L52*3+M52 -> 3 | R52: =DATE(2026,6,23)+TIME(12,0,0)+gmt_delta -> 46196.958 | S52: =IF(OR(F52="",G52=""),"",IF(F52>G52,E52&"_win",IF(F52<G52,E52&"_lose",E52&"_draw"))) -> Panama_lose | T52: =IF(S52="","",IF(F52<G52,H52&"_win",IF(F52>G52,H52&"_lose",H52&"_draw"))) -> Croatia_win | U52: =IF(S52="",0,IF(VLOOKUP(E52,$AE$8:$AN$77,10,FALSE)=VLOOKUP(H52,$AE$8:$AN$77,10,FALSE),1,0)) -> 0 | V52: =U52*F52 -> 0 | W52: =U52*G52 -> 0 | X52: =IF(S52="",0,IF(VLOOKUP(E52,$AE$8:$AO$77,11,FALSE)=VLOOKUP(H52,$AE$8:$AO$77,11,FALSE),1,0)) -> 0 | Y52: =X52*F52 -> 0 | Z52: =X52*G52 -> 0 | AA52: =IF(OR(E52=my_team,H52=my_team),1,IF(INT(MATCH(E52,$AE$8:$AE$78,0)/6)=$AA$6,1,0)) -> 0 | AB52: =IF(OR(F52="",G52=""),"",IF(F52>G52,1,IF(F52<G52,-1,0))) -> -1 | AD52: =COUNTIF(AR50:AR53,CONCATENATE(">=",AR52)) -> 4 | AE52: =VLOOKUP("Saudi Arabia",T,lang,FALSE) -> Saudi Arabia | AF52: =COUNTIF($S$7:$T$78,"=" & AE52 & "_win") -> 0 | AG52: =COUNTIF($S$7:$T$78,"=" & AE52 & "_draw") -> 2 | AH52: =COUNTIF($S$7:$T$78,"=" & AE52 & "_lose") -> 1 | AI52: =SUMIF($E$7:$E$78,$AE52,$F$7:$F$78) + SUMIF($H$7:$H$78,$AE52,$G$7:$G$78) -> 1 | AJ52: =SUMIF($E$7:$E$78,$AE52,$G$7:$G$78) + SUMIF($H$7:$H$78,$AE52,$F$7:$F$78) -> 5 | AL52: =AI52-AJ52 -> -4 | AM52: =AL52-AL54 -> 0 | AN52: =AF52*3+AG52 -> 2 | AO52: =AN52/AN54*10+BA52 -> 3.4805825 | AP52: =AO52*10000000+BI52*100+AM52/AM54*10+AI52/AI54*1++IF(AQ52=0,ROW(),AQ52)/2000000 -> 34805923 | AQ52: =VLOOKUP(AE52,db_fifarank,2,FALSE) -> 1421.43 | AR52: =AP52/AP54 -> 0.39778193 | AT52: {=SUMPRODUCT(($S$7:$S$78=AE52&"_win")*($U$7:$U$78))+SUMPRODUCT(($T$7:$T$78=AE52&"_win")*($U$7:$U$78))} -> 0 | AU52: {=SUMPRODUCT(($S$7:$S$78=AE52&"_draw")*($U$7:$U$78))+SUMPRODUCT(($T$7:$T$78=AE52&"_draw")*($U$7:$U$78))} -> 1 | AV52: {=SUMPRODUCT(($E$7:$E$78=AE52)*($U$7:$U$78)*($F$7:$F$78))+SUMPRODUCT(($H$7:$H$78=AE52)*($U$7:$U$78)*($G$7:$G$78))} -> 1 | AW52: {=SUMPRODUCT(($E$7:$E$78=AE52)*($U$7:$U$78)*($G$7:$G$78))+SUMPRODUCT(($H$7:$H$78=AE52)*($U$7:$U$78)*($F$7:$F$78))} -> 1 | AX52: =AV52-AW52 -> 0 | AY52: =AX52-MIN(AX50:AX53) -> 0 | AZ52: =AT52/AT54*1000+AU52/AU54*100+AY52/AY54*10+AV52/AV54 -> 50.5 | BA52: =AZ52/AZ54 -> 0.98058252 | BB52: {=SUMPRODUCT(($S$7:$S$78=AE52&"_win")*($X$7:$X$78))+SUMPRODUCT(($T$7:$T$78=AE52&"_win")*($X$7:$X$78))} -> 0 | BC52: {=SUMPRODUCT(($S$7:$S$78=AE52&"_draw")*($X$7:$X$78))+SUMPRODUCT(($T$7:$T$78=AE52&"_draw")*($X$7:$X$78))} -> 1 | BD52: {=SUMPRODUCT(($E$7:$E$78=AE52)*($X$7:$X$78)*($F$7:$F$78))+SUMPRODUCT(($H$7:$H$78=AE52)*($X$7:$X$78)*($G$7:$G$78))} -> 1 | BE52: {=SUMPRODUCT(($E$7:$E$78=AE52)*($X$7:$X$78)*($G$7:$G$78))+SUMPRODUCT(($H$7:$H$78=AE52)*($X$7:$X$78)*($F$7:$F$78))} -> 1 | BF52: =BD52-BE52 -> 0 | BG52: =BF52-MIN(BF50:BF53) -> 0 | BH52: =BB52/BB54*1000+BC52/BC54*100+BG52/BG54*10+BD52/BD54 -> 50.5 | BI52: =BH52/BH54 -> 0.98058252 | BR52: 92 | BS52: =IF(BP50>BP51,BL50,IF(BP50<BP51,BL51,"")) -> Mexico | BT52: 2 | BW52: =IF(OR(BT52="",BT53="",AND(BU52="",BU53<>""),AND(BU53="",BU52<>""),AND(BV52="",BV53<>""),AND(BV53="",BV52<>"")),"",BT52*1000+BU52*10+BV52) -> 2000
A53: 47 | B53: {=INDEX(T,18+INT(MOD(R53-1,7)),lang)} -> Tue | C53: {=INDEX(T,24+MONTH(R53),lang) & " " & DAY(R53) & ", " & YEAR(R53)} -> Jun 23, 2026 | D53: =TIME(HOUR(R53),MINUTE(R53),0) -> 0.70833333 | E53: =AE68 -> Portugal | F53: 5 | G53: 0 | H53: =AE70 -> Uzbekistan | J53: =VLOOKUP(3,AD50:AN53,2,FALSE) -> Uruguay | K53: =L53+M53+N53 -> 3 | L53: =VLOOKUP(3,AD50:AN53,3,FALSE) -> 0 | M53: =VLOOKUP(3,AD50:AN53,4,FALSE) -> 2 | N53: =VLOOKUP(3,AD50:AN53,5,FALSE) -> 1 | O53: =VLOOKUP(3,AD50:AN53,6,FALSE) & " - " & VLOOKUP(3,AD50:AN53,7,FALSE) -> 3 - 4 | P53: =L53*3+M53 -> 2 | R53: =DATE(2026,6,23)+TIME(6,0,0)+gmt_delta -> 46196.708 | S53: =IF(OR(F53="",G53=""),"",IF(F53>G53,E53&"_win",IF(F53<G53,E53&"_lose",E53&"_draw"))) -> Portugal_win | T53: =IF(S53="","",IF(F53<G53,H53&"_win",IF(F53>G53,H53&"_lose",H53&"_draw"))) -> Uzbekistan_lose | U53: =IF(S53="",0,IF(VLOOKUP(E53,$AE$8:$AN$77,10,FALSE)=VLOOKUP(H53,$AE$8:$AN$77,10,FALSE),1,0)) -> 0 | V53: =U53*F53 -> 0 | W53: =U53*G53 -> 0 | X53: =IF(S53="",0,IF(VLOOKUP(E53,$AE$8:$AO$77,11,FALSE)=VLOOKUP(H53,$AE$8:$AO$77,11,FALSE),1,0)) -> 0 | Y53: =X53*F53 -> 0 | Z53: =X53*G53 -> 0 | AA53: =IF(OR(E53=my_team,H53=my_team),1,IF(INT(MATCH(E53,$AE$8:$AE$78,0)/6)=$AA$6,1,0)) -> 0 | AB53: =IF(OR(F53="",G53=""),"",IF(F53>G53,1,IF(F53<G53,-1,0))) -> 1 | AD53: =COUNTIF(AR50:AR53,CONCATENATE(">=",AR53)) -> 3 | AE53: =VLOOKUP("Uruguay",T,lang,FALSE) -> Uruguay | AF53: =COUNTIF($S$7:$T$78,"=" & AE53 & "_win") -> 0 | AG53: =COUNTIF($S$7:$T$78,"=" & AE53 & "_draw") -> 2 | AH53: =COUNTIF($S$7:$T$78,"=" & AE53 & "_lose") -> 1 | AI53: =SUMIF($E$7:$E$78,$AE53,$F$7:$F$78) + SUMIF($H$7:$H$78,$AE53,$G$7:$G$78) -> 3 | AJ53: =SUMIF($E$7:$E$78,$AE53,$G$7:$G$78) + SUMIF($H$7:$H$78,$AE53,$F$7:$F$78) -> 4 | AL53: =AI53-AJ53 -> -1 | AM53: =AL53-AL54 -> 3 | AN53: =AF53*3+AG53 -> 2 | AO53: =AN53/AN54*10+BA53 -> 3.4805825 | AP53: =AO53*10000000+BI53*100+AM53/AM54*10+AI53/AI54*1++IF(AQ53=0,ROW(),AQ53)/2000000 -> 34805927 | AQ53: =VLOOKUP(AE53,db_fifarank,2,FALSE) -> 1673.07 | AR53: =AP53/AP54 -> 0.39778197 | AT53: {=SUMPRODUCT(($S$7:$S$78=AE53&"_win")*($U$7:$U$78))+SUMPRODUCT(($T$7:$T$78=AE53&"_win")*($U$7:$U$78))} -> 0 | AU53: {=SUMPRODUCT(($S$7:$S$78=AE53&"_draw")*($U$7:$U$78))+SUMPRODUCT(($T$7:$T$78=AE53&"_draw")*($U$7:$U$78))} -> 1 | AV53: {=SUMPRODUCT(($E$7:$E$78=AE53)*($U$7:$U$78)*($F$7:$F$78))+SUMPRODUCT(($H$7:$H$78=AE53)*($U$7:$U$78)*($G$7:$G$78))} -> 1 | AW53: {=SUMPRODUCT(($E$7:$E$78=AE53)*($U$7:$U$78)*($G$7:$G$78))+SUMPRODUCT(($H$7:$H$78=AE53)*($U$7:$U$78)*($F$7:$F$78))} -> 1 | AX53: =AV53-AW53 -> 0 | AY53: =AX53-MIN(AX50:AX53) -> 0 | AZ53: =AT53/AT54*1000+AU53/AU54*100+AY53/AY54*10+AV53/AV54 -> 50.5 | BA53: =AZ53/AZ54 -> 0.98058252 | BB53: {=SUMPRODUCT(($S$7:$S$78=AE53&"_win")*($X$7:$X$78))+SUMPRODUCT(($T$7:$T$78=AE53&"_win")*($X$7:$X$78))} -> 0 | BC53: {=SUMPRODUCT(($S$7:$S$78=AE53&"_draw")*($X$7:$X$78))+SUMPRODUCT(($T$7:$T$78=AE53&"_draw")*($X$7:$X$78))} -> 1 | BD53: {=SUMPRODUCT(($E$7:$E$78=AE53)*($X$7:$X$78)*($F$7:$F$78))+SUMPRODUCT(($H$7:$H$78=AE53)*($X$7:$X$78)*($G$7:$G$78))} -> 1 | BE53: {=SUMPRODUCT(($E$7:$E$78=AE53)*($X$7:$X$78)*($G$7:$G$78))+SUMPRODUCT(($H$7:$H$78=AE53)*($X$7:$X$78)*($F$7:$F$78))} -> 1 | BF53: =BD53-BE53 -> 0 | BG53: =BF53-MIN(BF50:BF53) -> 0 | BH53: =BB53/BB54*1000+BC53/BC54*100+BG53/BG54*10+BD53/BD54 -> 50.5 | BI53: =BH53/BH54 -> 0.98058252 | BK53: {=INDEX(T,24+MONTH(BP53),lang) & " " & DAY(BP53) & ", " & YEAR(BP53) & " " & (IF(HOUR(BP53)<10,0,"")&HOUR(BP53)) & ":" & (IF(MINUTE(BP53)<10,0,"")&MINUTE(BP53))} -> Jul 1, 2026 16:00 | BP53: =DATE(2026,7,1)+TIME(5,0,0)+gmt_delta -> 46204.667 | BS53: =IF(BP54>BP55,BL54,IF(BP54<BP55,BL55,"")) -> England | BT53: 3 | BW53: =IF(BW52="","",BT53*1000+BU53*10+BV53) -> 3000
A54: 48 | B54: {=INDEX(T,18+INT(MOD(R54-1,7)),lang)} -> Wed | C54: {=INDEX(T,24+MONTH(R54),lang) & " " & DAY(R54) & ", " & YEAR(R54)} -> Jun 24, 2026 | D54: =TIME(HOUR(R54),MINUTE(R54),0) -> 0.083333333 | E54: =AE71 -> Colombia | F54: 1 | G54: 0 | H54: =AE69 -> DR Congo | J54: =VLOOKUP(4,AD50:AN53,2,FALSE) -> Saudi Arabia | K54: =L54+M54+N54 -> 3 | L54: =VLOOKUP(4,AD50:AN53,3,FALSE) -> 0 | M54: =VLOOKUP(4,AD50:AN53,4,FALSE) -> 2 | N54: =VLOOKUP(4,AD50:AN53,5,FALSE) -> 1 | O54: =VLOOKUP(4,AD50:AN53,6,FALSE) & " - " & VLOOKUP(4,AD50:AN53,7,FALSE) -> 1 - 5 | P54: =L54*3+M54 -> 2 | R54: =DATE(2026,6,23)+TIME(15,0,0)+gmt_delta -> 46197.083 | S54: =IF(OR(F54="",G54=""),"",IF(F54>G54,E54&"_win",IF(F54<G54,E54&"_lose",E54&"_draw"))) -> Colombia_win | T54: =IF(S54="","",IF(F54<G54,H54&"_win",IF(F54>G54,H54&"_lose",H54&"_draw"))) -> DR Congo_lose | U54: =IF(S54="",0,IF(VLOOKUP(E54,$AE$8:$AN$77,10,FALSE)=VLOOKUP(H54,$AE$8:$AN$77,10,FALSE),1,0)) -> 0 | V54: =U54*F54 -> 0 | W54: =U54*G54 -> 0 | X54: =IF(S54="",0,IF(VLOOKUP(E54,$AE$8:$AO$77,11,FALSE)=VLOOKUP(H54,$AE$8:$AO$77,11,FALSE),1,0)) -> 0 | Y54: =X54*F54 -> 0 | Z54: =X54*G54 -> 0 | AA54: =IF(OR(E54=my_team,H54=my_team),1,IF(INT(MATCH(E54,$AE$8:$AE$78,0)/6)=$AA$6,1,0)) -> 0 | AB54: =IF(OR(F54="",G54=""),"",IF(F54>G54,1,IF(F54<G54,-1,0))) -> 1 | AF54: =MAX(AF50:AF53)-MIN(AF50:AF53)+1 -> 3 | AG54: =MAX(AG50:AG53)-MIN(AG50:AG53)+1 -> 3 | AH54: =MAX(AH50:AH53)-MIN(AH50:AH53)+1 -> 2 | AI54: =MAX(AI50:AI53)+1 -> 6 | AL54: =MIN(AL50:AL53) -> -4 | AM54: =MAX(AM50:AM53)+1 -> 10 | AN54: =MAX(AN50:AN53)+1 -> 8 | AO54: =MAX(AO50:AO53)+1 -> 9.75 | AP54: =MAX(AP50:AP53)+1 -> 87500011 | AT54: =MAX(AT50:AT53)-MIN(AT50:AT53)+1 -> 1 | AU54: =MAX(AU50:AU53)-MIN(AU50:AU53)+1 -> 2 | AV54: =MAX(AV50:AV53)-MIN(AV50:AV53)+1 -> 2 | AW54: =MAX(AW50:AW53)-MIN(AW50:AW53)+1 -> 2 | AY54: =MAX(AY50:AY53)-MIN(AY50:AY53)+1 -> 1 | AZ54: =MAX(AZ50:AZ53)+1 -> 51.5 | BB54: =MAX(BB50:BB53)-MIN(BB50:BB53)+1 -> 1 | BC54: =MAX(BC50:BC53)-MIN(BC50:BC53)+1 -> 2 | BD54: =MAX(BD50:BD53)-MIN(BD50:BD53)+1 -> 2 | BE54: =MAX(BE50:BE53)-MIN(BE50:BE53)+1 -> 2 | BG54: =MAX(BG50:BG53)-MIN(BG50:BG53)+1 -> 1 | BH54: =MAX(BH50:BH53)+1 -> 51.5 | BK54: 80 | BL54: =AS74 -> England | BM54: 2 | BP54: =IF(OR(BM54="",BM55="",AND(BN54="",BN55<>""),AND(BN55="",BN54<>""),AND(BO54="",BO55<>""),AND(BO55="",BO54<>"")),"",BM54*1000+BN54*10+BO54) -> 2000 | CF54: {=INDEX(T,24+MONTH(CK54),lang) & " " & DAY(CK54) & ", " & YEAR(CK54) & " " & (IF(HOUR(CK54)<10,0,"")&HOUR(CK54)) & ":" & (IF(MINUTE(CK54)<10,0,"")&MINUTE(CK54))} -> Jul 15, 2026 19:00 | CK54: =DATE(2026,7,15)+TIME(8,0,0)+gmt_delta -> 46218.792
A55: 49 | B55: {=INDEX(T,18+INT(MOD(R55-1,7)),lang)} -> Wed | C55: {=INDEX(T,24+MONTH(R55),lang) & " " & DAY(R55) & ", " & YEAR(R55)} -> Jun 24, 2026 | D55: =TIME(HOUR(R55),MINUTE(R55),0) -> 0.91666667 | E55: =AE23 -> Scotland | F55: 0 | G55: 3 | H55: =AE20 -> Brazil | R55: =DATE(2026,6,24)+TIME(11,0,0)+gmt_delta -> 46197.917 | S55: =IF(OR(F55="",G55=""),"",IF(F55>G55,E55&"_win",IF(F55<G55,E55&"_lose",E55&"_draw"))) -> Scotland_lose | T55: =IF(S55="","",IF(F55<G55,H55&"_win",IF(F55>G55,H55&"_lose",H55&"_draw"))) -> Brazil_win | U55: =IF(S55="",0,IF(VLOOKUP(E55,$AE$8:$AN$77,10,FALSE)=VLOOKUP(H55,$AE$8:$AN$77,10,FALSE),1,0)) -> 0 | V55: =U55*F55 -> 0 | W55: =U55*G55 -> 0 | X55: =IF(S55="",0,IF(VLOOKUP(E55,$AE$8:$AO$77,11,FALSE)=VLOOKUP(H55,$AE$8:$AO$77,11,FALSE),1,0)) -> 0 | Y55: =X55*F55 -> 0 | Z55: =X55*G55 -> 0 | AA55: =IF(OR(E55=my_team,H55=my_team),1,IF(INT(MATCH(E55,$AE$8:$AE$78,0)/6)=$AA$6,1,0)) -> 0 | AB55: =IF(OR(F55="",G55=""),"",IF(F55>G55,1,IF(F55<G55,-1,0))) -> -1 | BL55: =IF(group_round_completed,VLOOKUP('3rd places'!K3,AK80:AS91,9,FALSE),"3rd Group E/H/I/J/K") -> DR Congo | BM55: 1 | BP55: =IF(BP54="","",BM55*1000+BN55*10+BO55) -> 1000 | CF55: 102 | CG55: =IF(CD48>CD49,BZ48,IF(CD48<CD49,BZ49,"")) | CK55: =IF(OR(CH55="",CH56="",AND(CI55="",CI56<>""),AND(CI56="",CI55<>""),AND(CJ55="",CJ56<>""),AND(CJ56="",CJ55<>"")),"",CH55*1000+CI55*10+CJ55)
A56: 50 | B56: {=INDEX(T,18+INT(MOD(R56-1,7)),lang)} -> Wed | C56: {=INDEX(T,24+MONTH(R56),lang) & " " & DAY(R56) & ", " & YEAR(R56)} -> Jun 24, 2026 | D56: =TIME(HOUR(R56),MINUTE(R56),0) -> 0.91666667 | E56: =AE21 -> Morocco | F56: 4 | G56: 2 | H56: =AE22 -> Haiti | J56: {=INDEX(T,9,lang) & " " & "I"} -> Group I | K56: {=INDEX(T,10,lang)} -> PL | L56: {=INDEX(T,11,lang)} -> W | M56: {=INDEX(T,12,lang)} -> DRAW | N56: {=INDEX(T,13,lang)} -> L | O56: {=INDEX(T,14,lang)} -> GF - GA | P56: {=INDEX(T,15,lang)} -> PNT | R56: =DATE(2026,6,24)+TIME(11,0,0)+gmt_delta -> 46197.917 | S56: =IF(OR(F56="",G56=""),"",IF(F56>G56,E56&"_win",IF(F56<G56,E56&"_lose",E56&"_draw"))) -> Morocco_win | T56: =IF(S56="","",IF(F56<G56,H56&"_win",IF(F56>G56,H56&"_lose",H56&"_draw"))) -> Haiti_lose | U56: =IF(S56="",0,IF(VLOOKUP(E56,$AE$8:$AN$77,10,FALSE)=VLOOKUP(H56,$AE$8:$AN$77,10,FALSE),1,0)) -> 0 | V56: =U56*F56 -> 0 | W56: =U56*G56 -> 0 | X56: =IF(S56="",0,IF(VLOOKUP(E56,$AE$8:$AO$77,11,FALSE)=VLOOKUP(H56,$AE$8:$AO$77,11,FALSE),1,0)) -> 0 | Y56: =X56*F56 -> 0 | Z56: =X56*G56 -> 0 | AA56: =IF(OR(E56=my_team,H56=my_team),1,IF(INT(MATCH(E56,$AE$8:$AE$78,0)/6)=$AA$6,1,0)) -> 0 | AB56: =IF(OR(F56="",G56=""),"",IF(F56>G56,1,IF(F56<G56,-1,0))) -> 1 | AD56: =COUNTIF(AR56:AR59,CONCATENATE(">=",AR56)) -> 1 | AE56: =VLOOKUP("France",T,lang,FALSE) -> France | AF56: =COUNTIF($S$7:$T$78,"=" & AE56 & "_win") -> 3 | AG56: =COUNTIF($S$7:$T$78,"=" & AE56 & "_draw") -> 0 | AH56: =COUNTIF($S$7:$T$78,"=" & AE56 & "_lose") -> 0 | AI56: =SUMIF($E$7:$E$78,$AE56,$F$7:$F$78) + SUMIF($H$7:$H$78,$AE56,$G$7:$G$78) -> 10 | AJ56: =SUMIF($E$7:$E$78,$AE56,$G$7:$G$78) + SUMIF($H$7:$H$78,$AE56,$F$7:$F$78) -> 2 | AL56: =AI56-AJ56 -> 8 | AM56: =AL56-AL60 -> 19 | AN56: =AF56*3+AG56 -> 9 | AO56: =AN56/AN60*10+BA56 -> 9 | AP56: =AO56*10000000+BI56*100+AM56/AM60*10+AI56/AI60*1++IF(AQ56=0,ROW(),AQ56)/2000000 -> 90000010 | AQ56: =VLOOKUP(AE56,db_fifarank,2,FALSE) -> 1877.32 | AR56: =AP56/AP60 -> 0.99999999 | AS56: =IF(SUM(AF56:AH59)=12,J57,"1I") -> France | AT56: {=SUMPRODUCT(($S$7:$S$78=AE56&"_win")*($U$7:$U$78))+SUMPRODUCT(($T$7:$T$78=AE56&"_win")*($U$7:$U$78))} -> 0 | AU56: {=SUMPRODUCT(($S$7:$S$78=AE56&"_draw")*($U$7:$U$78))+SUMPRODUCT(($T$7:$T$78=AE56&"_draw")*($U$7:$U$78))} -> 0 | AV56: {=SUMPRODUCT(($E$7:$E$78=AE56)*($U$7:$U$78)*($F$7:$F$78))+SUMPRODUCT(($H$7:$H$78=AE56)*($U$7:$U$78)*($G$7:$G$78))} -> 0 | AW56: {=SUMPRODUCT(($E$7:$E$78=AE56)*($U$7:$U$78)*($G$7:$G$78))+SUMPRODUCT(($H$7:$H$78=AE56)*($U$7:$U$78)*($F$7:$F$78))} -> 0 | AX56: =AV56-AW56 -> 0 | AY56: =AX56-MIN(AX56:AX59) -> 0 | AZ56: =AT56/AT60*1000+AU56/AU60*100+AY56/AY60*10+AV56/AV60 -> 0 | BA56: =AZ56/AZ60 -> 0 | BB56: {=SUMPRODUCT(($S$7:$S$78=AE56&"_win")*($X$7:$X$78))+SUMPRODUCT(($T$7:$T$78=AE56&"_win")*($X$7:$X$78))} -> 0 | BC56: {=SUMPRODUCT(($S$7:$S$78=AE56&"_draw")*($X$7:$X$78))+SUMPRODUCT(($T$7:$T$78=AE56&"_draw")*($X$7:$X$78))} -> 0 | BD56: {=SUMPRODUCT(($E$7:$E$78=AE56)*($X$7:$X$78)*($F$7:$F$78))+SUMPRODUCT(($H$7:$H$78=AE56)*($X$7:$X$78)*($G$7:$G$78))} -> 0 | BE56: {=SUMPRODUCT(($E$7:$E$78=AE56)*($X$7:$X$78)*($G$7:$G$78))+SUMPRODUCT(($H$7:$H$78=AE56)*($X$7:$X$78)*($F$7:$F$78))} -> 0 | BF56: =BD56-BE56 -> 0 | BG56: =BF56-MIN(BF56:BF59) -> 0 | BH56: =IF(SUM(BB56:BF56)=0,0,BB56/$BB$60*1000+BC56/$BC$60*100+BG56/$BG$60*10+BD56/$BD$60) -> 0 | BI56: =BH56/BH60 -> 0 | CG56: =IF(CD64>CD65,BZ64,IF(CD64<CD65,BZ65,"")) | CK56: =IF(CK55="","",CH56*1000+CI56*10+CJ56)
A57: 51 | B57: {=INDEX(T,18+INT(MOD(R57-1,7)),lang)} -> Wed | C57: {=INDEX(T,24+MONTH(R57),lang) & " " & DAY(R57) & ", " & YEAR(R57)} -> Jun 24, 2026 | D57: =TIME(HOUR(R57),MINUTE(R57),0) -> 0.79166667 | E57: =AE17 -> Switzerland | F57: 2 | G57: 1 | H57: =AE14 -> Canada | J57: =VLOOKUP(1,AD56:AN59,2,FALSE) -> France | K57: =L57+M57+N57 -> 3 | L57: =VLOOKUP(1,AD56:AN59,3,FALSE) -> 3 | M57: =VLOOKUP(1,AD56:AN59,4,FALSE) -> 0 | N57: =VLOOKUP(1,AD56:AN59,5,FALSE) -> 0 | O57: =VLOOKUP(1,AD56:AN59,6,FALSE) & " - " & VLOOKUP(1,AD56:AN59,7,FALSE) -> 10 - 2 | P57: =L57*3+M57 -> 9 | R57: =DATE(2026,6,24)+TIME(8,0,0)+gmt_delta -> 46197.792 | S57: =IF(OR(F57="",G57=""),"",IF(F57>G57,E57&"_win",IF(F57<G57,E57&"_lose",E57&"_draw"))) -> Switzerland_win | T57: =IF(S57="","",IF(F57<G57,H57&"_win",IF(F57>G57,H57&"_lose",H57&"_draw"))) -> Canada_lose | U57: =IF(S57="",0,IF(VLOOKUP(E57,$AE$8:$AN$77,10,FALSE)=VLOOKUP(H57,$AE$8:$AN$77,10,FALSE),1,0)) -> 0 | V57: =U57*F57 -> 0 | W57: =U57*G57 -> 0 | X57: =IF(S57="",0,IF(VLOOKUP(E57,$AE$8:$AO$77,11,FALSE)=VLOOKUP(H57,$AE$8:$AO$77,11,FALSE),1,0)) -> 0 | Y57: =X57*F57 -> 0 | Z57: =X57*G57 -> 0 | AA57: =IF(OR(E57=my_team,H57=my_team),1,IF(INT(MATCH(E57,$AE$8:$AE$78,0)/6)=$AA$6,1,0)) -> 0 | AB57: =IF(OR(F57="",G57=""),"",IF(F57>G57,1,IF(F57<G57,-1,0))) -> 1 | AD57: =COUNTIF(AR56:AR59,CONCATENATE(">=",AR57)) -> 3 | AE57: =VLOOKUP("Senegal",T,lang,FALSE) -> Senegal | AF57: =COUNTIF($S$7:$T$78,"=" & AE57 & "_win") -> 1 | AG57: =COUNTIF($S$7:$T$78,"=" & AE57 & "_draw") -> 0 | AH57: =COUNTIF($S$7:$T$78,"=" & AE57 & "_lose") -> 2 | AI57: =SUMIF($E$7:$E$78,$AE57,$F$7:$F$78) + SUMIF($H$7:$H$78,$AE57,$G$7:$G$78) -> 8 | AJ57: =SUMIF($E$7:$E$78,$AE57,$G$7:$G$78) + SUMIF($H$7:$H$78,$AE57,$F$7:$F$78) -> 6 | AL57: =AI57-AJ57 -> 2 | AM57: =AL57-AL60 -> 13 | AN57: =AF57*3+AG57 -> 3 | AO57: =AN57/AN60*10+BA57 -> 3 | AP57: =AO57*10000000+BI57*100+AM57/AM60*10+AI57/AI60*1++IF(AQ57=0,ROW(),AQ57)/2000000 -> 30000007 | AQ57: =VLOOKUP(AE57,db_fifarank,2,FALSE) -> 1688.99 | AR57: =AP57/AP60 -> 0.33333337 | AS57: =IF(SUM(AF56:AH59)=12,J58,"2I") -> Norway | AT57: {=SUMPRODUCT(($S$7:$S$78=AE57&"_win")*($U$7:$U$78))+SUMPRODUCT(($T$7:$T$78=AE57&"_win")*($U$7:$U$78))} -> 0 | AU57: {=SUMPRODUCT(($S$7:$S$78=AE57&"_draw")*($U$7:$U$78))+SUMPRODUCT(($T$7:$T$78=AE57&"_draw")*($U$7:$U$78))} -> 0 | AV57: {=SUMPRODUCT(($E$7:$E$78=AE57)*($U$7:$U$78)*($F$7:$F$78))+SUMPRODUCT(($H$7:$H$78=AE57)*($U$7:$U$78)*($G$7:$G$78))} -> 0 | AW57: {=SUMPRODUCT(($E$7:$E$78=AE57)*($U$7:$U$78)*($G$7:$G$78))+SUMPRODUCT(($H$7:$H$78=AE57)*($U$7:$U$78)*($F$7:$F$78))} -> 0 | AX57: =AV57-AW57 -> 0 | AY57: =AX57-MIN(AX56:AX59) -> 0 | AZ57: =AT57/AT60*1000+AU57/AU60*100+AY57/AY60*10+AV57/AV60 -> 0 | BA57: =AZ57/AZ60 -> 0 | BB57: {=SUMPRODUCT(($S$7:$S$78=AE57&"_win")*($X$7:$X$78))+SUMPRODUCT(($T$7:$T$78=AE57&"_win")*($X$7:$X$78))} -> 0 | BC57: {=SUMPRODUCT(($S$7:$S$78=AE57&"_draw")*($X$7:$X$78))+SUMPRODUCT(($T$7:$T$78=AE57&"_draw")*($X$7:$X$78))} -> 0 | BD57: {=SUMPRODUCT(($E$7:$E$78=AE57)*($X$7:$X$78)*($F$7:$F$78))+SUMPRODUCT(($H$7:$H$78=AE57)*($X$7:$X$78)*($G$7:$G$78))} -> 0 | BE57: {=SUMPRODUCT(($E$7:$E$78=AE57)*($X$7:$X$78)*($G$7:$G$78))+SUMPRODUCT(($H$7:$H$78=AE57)*($X$7:$X$78)*($F$7:$F$78))} -> 0 | BF57: =BD57-BE57 -> 0 | BG57: =BF57-MIN(BF56:BF59) -> 0 | BH57: =IF(SUM(BB57:BF57)=0,0,BB57/$BB$60*1000+BC57/$BC$60*100+BG57/$BG$60*10+BD57/$BD$60) -> 0 | BI57: =BH57/BH60 -> 0 | BK57: {=INDEX(T,24+MONTH(BP57),lang) & " " & DAY(BP57) & ", " & YEAR(BP57) & " " & (IF(HOUR(BP57)<10,0,"")&HOUR(BP57)) & ":" & (IF(MINUTE(BP57)<10,0,"")&MINUTE(BP57))} -> Jul 3, 2026 22:00 | BP57: =DATE(2026,7,3)+TIME(11,0,0)+gmt_delta -> 46206.917
A58: 52 | B58: {=INDEX(T,18+INT(MOD(R58-1,7)),lang)} -> Wed | C58: {=INDEX(T,24+MONTH(R58),lang) & " " & DAY(R58) & ", " & YEAR(R58)} -> Jun 24, 2026 | D58: =TIME(HOUR(R58),MINUTE(R58),0) -> 0.79166667 | E58: =AE15 -> Bosnia and Herzegovina | F58: 3 | G58: 1 | H58: =AE16 -> Qatar | J58: =VLOOKUP(2,AD56:AN59,2,FALSE) -> Norway | K58: =L58+M58+N58 -> 3 | L58: =VLOOKUP(2,AD56:AN59,3,FALSE) -> 2 | M58: =VLOOKUP(2,AD56:AN59,4,FALSE) -> 0 | N58: =VLOOKUP(2,AD56:AN59,5,FALSE) -> 1 | O58: =VLOOKUP(2,AD56:AN59,6,FALSE) & " - " & VLOOKUP(2,AD56:AN59,7,FALSE) -> 8 - 7 | P58: =L58*3+M58 -> 6 | R58: =DATE(2026,6,24)+TIME(8,0,0)+gmt_delta -> 46197.792 | S58: =IF(OR(F58="",G58=""),"",IF(F58>G58,E58&"_win",IF(F58<G58,E58&"_lose",E58&"_draw"))) -> Bosnia and Herzegovina_win | T58: =IF(S58="","",IF(F58<G58,H58&"_win",IF(F58>G58,H58&"_lose",H58&"_draw"))) -> Qatar_lose | U58: =IF(S58="",0,IF(VLOOKUP(E58,$AE$8:$AN$77,10,FALSE)=VLOOKUP(H58,$AE$8:$AN$77,10,FALSE),1,0)) -> 0 | V58: =U58*F58 -> 0 | W58: =U58*G58 -> 0 | X58: =IF(S58="",0,IF(VLOOKUP(E58,$AE$8:$AO$77,11,FALSE)=VLOOKUP(H58,$AE$8:$AO$77,11,FALSE),1,0)) -> 0 | Y58: =X58*F58 -> 0 | Z58: =X58*G58 -> 0 | AA58: =IF(OR(E58=my_team,H58=my_team),1,IF(INT(MATCH(E58,$AE$8:$AE$78,0)/6)=$AA$6,1,0)) -> 0 | AB58: =IF(OR(F58="",G58=""),"",IF(F58>G58,1,IF(F58<G58,-1,0))) -> 1 | AD58: =COUNTIF(AR56:AR59,CONCATENATE(">=",AR58)) -> 4 | AE58: =VLOOKUP("Iraq",T,lang,FALSE) -> Iraq | AF58: =COUNTIF($S$7:$T$78,"=" & AE58 & "_win") -> 0 | AG58: =COUNTIF($S$7:$T$78,"=" & AE58 & "_draw") -> 0 | AH58: =COUNTIF($S$7:$T$78,"=" & AE58 & "_lose") -> 3 | AI58: =SUMIF($E$7:$E$78,$AE58,$F$7:$F$78) + SUMIF($H$7:$H$78,$AE58,$G$7:$G$78) -> 1 | AJ58: =SUMIF($E$7:$E$78,$AE58,$G$7:$G$78) + SUMIF($H$7:$H$78,$AE58,$F$7:$F$78) -> 12 | AL58: =AI58-AJ58 -> -11 | AM58: =AL58-AL60 -> 0 | AN58: =AF58*3+AG58 -> 0 | AO58: =AN58/AN60*10+BA58 -> 0 | AP58: =AO58*10000000+BI58*100+AM58/AM60*10+AI58/AI60*1++IF(AQ58=0,ROW(),AQ58)/2000000 -> 0.091632661 | AQ58: =VLOOKUP(AE58,db_fifarank,2,FALSE) -> 1447.14 | AR58: =AP58/AP60 -> 1.0181405e-09 | AT58: {=SUMPRODUCT(($S$7:$S$78=AE58&"_win")*($U$7:$U$78))+SUMPRODUCT(($T$7:$T$78=AE58&"_win")*($U$7:$U$78))} -> 0 | AU58: {=SUMPRODUCT(($S$7:$S$78=AE58&"_draw")*($U$7:$U$78))+SUMPRODUCT(($T$7:$T$78=AE58&"_draw")*($U$7:$U$78))} -> 0 | AV58: {=SUMPRODUCT(($E$7:$E$78=AE58)*($U$7:$U$78)*($F$7:$F$78))+SUMPRODUCT(($H$7:$H$78=AE58)*($U$7:$U$78)*($G$7:$G$78))} -> 0 | AW58: {=SUMPRODUCT(($E$7:$E$78=AE58)*($U$7:$U$78)*($G$7:$G$78))+SUMPRODUCT(($H$7:$H$78=AE58)*($U$7:$U$78)*($F$7:$F$78))} -> 0 | AX58: =AV58-AW58 -> 0 | AY58: =AX58-MIN(AX56:AX59) -> 0 | AZ58: =AT58/AT60*1000+AU58/AU60*100+AY58/AY60*10+AV58/AV60 -> 0 | BA58: =AZ58/AZ60 -> 0 | BB58: {=SUMPRODUCT(($S$7:$S$78=AE58&"_win")*($X$7:$X$78))+SUMPRODUCT(($T$7:$T$78=AE58&"_win")*($X$7:$X$78))} -> 0 | BC58: {=SUMPRODUCT(($S$7:$S$78=AE58&"_draw")*($X$7:$X$78))+SUMPRODUCT(($T$7:$T$78=AE58&"_draw")*($X$7:$X$78))} -> 0 | BD58: {=SUMPRODUCT(($E$7:$E$78=AE58)*($X$7:$X$78)*($F$7:$F$78))+SUMPRODUCT(($H$7:$H$78=AE58)*($X$7:$X$78)*($G$7:$G$78))} -> 0 | BE58: {=SUMPRODUCT(($E$7:$E$78=AE58)*($X$7:$X$78)*($G$7:$G$78))+SUMPRODUCT(($H$7:$H$78=AE58)*($X$7:$X$78)*($F$7:$F$78))} -> 0 | BF58: =BD58-BE58 -> 0 | BG58: =BF58-MIN(BF56:BF59) -> 0 | BH58: =IF(SUM(BB58:BF58)=0,0,BB58/$BB$60*1000+BC58/$BC$60*100+BG58/$BG$60*10+BD58/$BD$60) -> 0 | BI58: =BH58/BH60 -> 0 | BK58: 86 | BL58: =AS62 -> Argentina | BM58: 3 | BP58: =IF(OR(BM58="",BM59="",AND(BN58="",BN59<>""),AND(BN59="",BN58<>""),AND(BO58="",BO59<>""),AND(BO59="",BO58<>"")),"",BM58*1000+BN58*10+BO58) -> 3000
